motor_id,rated_voltage_v,rated_power_w,frequency_hz,poles,rated_current_a,rated_torque_nm,efficiency,power_factor,efficiency_class,starting_torque_category,manufacturer,group_id,ist_in,mst_mn,mk_mn,eff_50,pf_50,eff_75,pf_75,rated_power_kw,rated_power_hp,output_frame,inertia_j_kgm2,max_locked_rotor_time_hot_s,max_locked_rotor_time_cold_s,weight_kg,noise_dba,rated_speed_rpm,eff_100,pf_100,source_file,source_page,missing_fields,parse_warnings
WEG_IE1_1p5kW_2P_380V_001,380,1500.000,50,2,3.52000,5.04062,0.78000,0.83000,IE1,Normal torque (IEC design N),WEG,WEG_IE1_50HZ,6.30000,2.70000,2.60000,0.75000,0.63000,0.78000,0.76000,1.500,2.000,90S/L,0.00170,7.000,15.000,13.500,64.000,2840.000,0.78000,0.83000,WEG-WMO-W21-aluminium-multimounting-50096575-english-web.md,9,,
WEG_IE1_2p2kW_2P_380V_002,380,2200.000,50,2,4.83000,7.48247,0.80000,0.85000,IE1,Normal torque (IEC design N),WEG,WEG_IE1_50HZ,6.80000,2.80000,2.90000,0.77000,0.63000,0.78000,0.77000,2.200,3.000,90S/L,0.00220,9.000,20.000,23.000,64.000,2810.000,0.80000,0.85000,WEG-WMO-W21-aluminium-multimounting-50096575-english-web.md,9,,
WEG_IE1_11p0kW_2P_380V_003,380,11000.000,50,2,22.40000,35.69621,0.87600,0.85000,IE1,Normal torque (IEC design N),WEG,WEG_IE1_50HZ,7.70000,2.60000,3.10000,0.85500,0.68000,0.87500,0.79000,11.000,15.000,160M/L,0.03350,7.000,15.000,85.600,70.000,2940.000,0.87600,0.85000,WEG-WMO-W21-aluminium-multimounting-50096575-english-web.md,9,,
WEG_IE1_15p0kW_2P_380V_004,380,15000.000,50,2,30.60000,48.64098,0.88700,0.84000,IE1,Normal torque (IEC design N),WEG,WEG_IE1_50HZ,8.70000,3.00000,3.50000,0.86600,0.67000,0.88500,0.78000,15.000,20.000,160M/L,0.04520,7.000,15.000,100.000,70.000,2945.000,0.88700,0.84000,WEG-WMO-W21-aluminium-multimounting-50096575-english-web.md,9,,
WEG_IE1_18p5kW_2P_380V_005,380,18500.000,50,2,36.90000,60.01670,0.89500,0.85000,IE1,Normal torque (IEC design N),WEG,WEG_IE1_50HZ,8.60000,3.00000,3.50000,0.88000,0.69000,0.89500,0.80000,18.500,25.000,160M/L*,0.05590,6.000,13.000,120.000,70.000,2945.000,0.89500,0.85000,WEG-WMO-W21-aluminium-multimounting-50096575-english-web.md,9,,
WEG_IE1_22p0kW_2P_380V_006,380,22000.000,50,2,43.50000,71.00015,0.90500,0.85000,IE1,Normal torque (IEC design N),WEG,WEG_IE1_50HZ,8.50000,2.60000,3.20000,0.89500,0.71000,0.90500,0.81000,22.000,30.000,180M/L,0.09210,7.000,15.000,141.000,70.000,2960.000,0.90500,0.85000,WEG-WMO-W21-aluminium-multimounting-50096575-english-web.md,9,,
WEG_IE1_30p0kW_2P_380V_007,380,30000.000,50,2,58.40000,96.79164,0.90700,0.86000,IE1,Normal torque (IEC design N),WEG,WEG_IE1_50HZ,7.20000,2.40000,2.80000,0.89500,0.73000,0.90700,0.82000,30.000,40.000,200M/L,0.19580,8.000,18.000,185.000,74.000,2960.000,0.90700,0.86000,WEG-WMO-W21-aluminium-multimounting-50096575-english-web.md,9,,
WEG_IE1_37p0kW_2P_380V_008,380,37000.000,50,2,71.50000,119.64113,0.91500,0.86000,IE1,Normal torque (IEC design N),WEG,WEG_IE1_50HZ,7.70000,2.60000,2.80000,0.90000,0.71000,0.91000,0.80000,37.000,50.000,200M/L,0.21280,8.000,18.000,211.000,74.000,2965.000,0.91500,0.86000,WEG-WMO-W21-aluminium-multimounting-50096575-english-web.md,9,,
WEG_IE1_3p0kW_2P_380V_009,380,3000.000,50,2,7.13000,10.10085,0.81500,0.78000,IE1,Normal torque (IEC design N),WEG,WEG_IE1_50HZ,6.20000,3.20000,3.10000,0.80000,0.55000,0.81000,0.68000,3.000,4.000,90S/L*,0.00250,6.000,13.000,24.000,64.000,2830.000,0.81500,0.78000,WEG-WMO-W21-aluminium-multimounting-50096575-english-web.md,9,,
WEG_IE1_9p2kW_2P_380V_010,380,9200.000,50,2,18.90000,29.91028,0.86900,0.85000,IE1,Normal torque (IEC design N),WEG,WEG_IE1_50HZ,7.60000,2.50000,3.00000,0.83600,0.69000,0.86500,0.80000,9.200,12.500,160M/L,0.03390,7.000,15.000,85.000,70.000,2940.000,0.86900,0.85000,WEG-WMO-W21-aluminium-multimounting-50096575-english-web.md,9,,
WEG_IE1_22p0kW_2P_380V_011,380,22000.000,50,2,43.70000,71.68661,0.90000,0.85000,IE1,Normal torque (IEC design N),WEG,WEG_IE1_50HZ,8.30000,3.00000,3.30000,0.89000,0.70000,0.89500,0.80000,22.000,30.000,160M/L*,0.06390,6.000,13.000,125.000,70.000,2930.000,0.90000,0.85000,WEG-WMO-W21-aluminium-multimounting-50096575-english-web.md,9,,
WEG_IE1_30p0kW_2P_380V_012,380,30000.000,50,2,59.10000,96.79164,0.91900,0.84000,IE1,Normal torque (IEC design N),WEG,WEG_IE1_50HZ,9.30000,3.00000,3.50000,0.91000,0.68000,0.91900,0.79000,30.000,40.000,180M/L,0.13010,9.000,20.000,181.000,70.000,2960.000,0.91900,0.84000,WEG-WMO-W21-aluminium-multimounting-50096575-english-web.md,9,,
WEG_IE1_1p1kW_4P_380V_013,380,1100.000,50,4,2.80000,7.29615,0.75500,0.79000,IE1,Normal torque (IEC design N),WEG,WEG_IE1_50HZ,5.60000,2.30000,2.40000,0.70000,0.55000,0.75000,0.69000,1.100,1.500,90S/L,0.00390,8.000,18.000,13.400,49.000,1440.000,0.75500,0.79000,WEG-WMO-W21-aluminium-multimounting-50096575-english-web.md,9,,
WEG_IE1_1p5kW_4P_380V_014,380,1500.000,50,4,3.60000,9.90472,0.77200,0.82000,IE1,Normal torque (IEC design N),WEG,WEG_IE1_50HZ,5.50000,2.00000,2.40000,0.74000,0.58000,0.77000,0.73000,1.500,2.000,90S/L,0.00480,8.000,18.000,22.000,49.000,1440.000,0.77200,0.82000,WEG-WMO-W21-aluminium-multimounting-50096575-english-web.md,9,,
WEG_IE1_9p2kW_4P_380V_015,380,9200.000,50,4,19.20000,59.82056,0.87000,0.84000,IE1,Normal torque (IEC design N),WEG,WEG_IE1_50HZ,6.80000,2.30000,2.60000,0.86000,0.65000,0.87000,0.77000,9.200,12.500,160M/L,0.06330,6.000,13.000,83.000,67.000,1470.000,0.87000,0.84000,WEG-WMO-W21-aluminium-multimounting-50096575-english-web.md,9,,
WEG_IE1_11p0kW_4P_380V_016,380,11000.000,50,4,23.50000,71.49048,0.88000,0.81000,IE1,Normal torque (IEC design N),WEG,WEG_IE1_50HZ,7.00000,2.60000,2.80000,0.86000,0.62000,0.87500,0.74000,11.000,15.000,160M/L,0.07300,6.000,13.000,95.500,67.000,1470.000,0.88000,0.81000,WEG-WMO-W21-aluminium-multimounting-50096575-english-web.md,9,,
WEG_IE1_15p0kW_4P_380V_017,380,15000.000,50,4,31.30000,97.47810,0.89000,0.82000,IE1,Normal torque (IEC design N),WEG,WEG_IE1_50HZ,7.40000,2.70000,3.00000,0.88000,0.64000,0.88500,0.76000,15.000,20.000,160M/L,0.10250,8.000,18.000,109.000,67.000,1470.000,0.89000,0.82000,WEG-WMO-W21-aluminium-multimounting-50096575-english-web.md,9,,
WEG_IE1_18p5kW_4P_380V_018,380,18500.000,50,4,38.80000,119.64113,0.89300,0.81000,IE1,Normal torque (IEC design N),WEG,WEG_IE1_50HZ,8.00000,2.80000,3.20000,0.88000,0.62000,0.89300,0.74000,18.500,25.000,180M/L*,0.15660,6.000,13.000,156.000,64.000,1480.000,0.89300,0.81000,WEG-WMO-W21-aluminium-multimounting-50096575-english-web.md,9,,
WEG_IE1_22p0kW_4P_380V_019,380,22000.000,50,4,44.80000,142.19643,0.89900,0.83000,IE1,Normal torque (IEC design N),WEG,WEG_IE1_50HZ,8.00000,2.80000,3.20000,0.89000,0.65000,0.89900,0.77000,22.000,30.000,180M/L*,0.18270,7.000,15.000,153.000,64.000,1480.000,0.89900,0.83000,WEG-WMO-W21-aluminium-multimounting-50096575-english-web.md,9,,
WEG_IE1_30p0kW_4P_380V_020,380,30000.000,50,4,60.50000,193.19100,0.90700,0.83000,IE1,Normal torque (IEC design N),WEG,WEG_IE1_50HZ,7.00000,2.50000,2.70000,0.90000,0.66000,0.90700,0.78000,30.000,40.000,200M/L,0.29350,6.000,13.000,199.000,69.000,1480.000,0.90700,0.83000,WEG-WMO-W21-aluminium-multimounting-50096575-english-web.md,9,,
WEG_IE1_37p0kW_4P_380V_021,380,37000.000,50,4,71.50000,240.26292,0.91500,0.86000,IE1,Normal torque (IEC design N),WEG,WEG_IE1_50HZ,7.00000,2.30000,2.50000,0.90000,0.73000,0.91000,0.82000,37.000,50.000,200M/L,0.37350,14.000,31.000,225.000,69.000,1470.000,0.91500,0.86000,WEG-WMO-W21-aluminium-multimounting-50096575-english-web.md,9,,
WEG_IE1_2p2kW_4P_380V_022,380,2200.000,50,4,5.22000,14.90611,0.80000,0.80000,IE1,Normal torque (IEC design N),WEG,WEG_IE1_50HZ,5.80000,2.70000,2.50000,0.78000,0.57000,0.79000,0.71000,2.200,3.000,90S/L,0.00660,8.000,18.000,24.000,49.000,1410.000,0.80000,0.80000,WEG-WMO-W21-aluminium-multimounting-50096575-english-web.md,9,,
WEG_IE1_18p5kW_4P_380V_023,380,18500.000,50,4,38.70000,120.62180,0.89500,0.81000,IE1,Normal torque (IEC design N),WEG,WEG_IE1_50HZ,7.20000,2.60000,2.80000,0.88000,0.63000,0.89000,0.75000,18.500,25.000,160M/L*,0.11230,6.000,13.000,125.000,67.000,1465.000,0.89500,0.81000,WEG-WMO-W21-aluminium-multimounting-50096575-english-web.md,9,,
WEG_IE1_30p0kW_4P_380V_024,380,30000.000,50,4,60.50000,194.17167,0.90700,0.83000,IE1,Normal torque (IEC design N),WEG,WEG_IE1_50HZ,7.40000,2.80000,3.00000,0.90000,0.66000,0.90700,0.77000,30.000,40.000,180M/L*,0.20750,11.000,24.000,180.000,64.000,1475.000,0.90700,0.83000,WEG-WMO-W21-aluminium-multimounting-50096575-english-web.md,9,,
WEG_IE1_0p8kW_6P_380V_025,380,750.000,50,6,1.99000,7.87474,0.70000,0.76000,IE1,Normal torque (IEC design N),WEG,WEG_IE1_50HZ,4.20000,1.90000,2.00000,0.66000,0.53000,0.69000,0.66000,0.750,1.000,90S/L,0.00450,16.000,35.000,16.400,45.000,910.000,0.70000,0.76000,WEG-WMO-W21-aluminium-multimounting-50096575-english-web.md,10,,
WEG_IE1_1p1kW_6P_380V_026,380,1100.000,50,6,3.14000,11.37571,0.73000,0.73000,IE1,Normal torque (IEC design N),WEG,WEG_IE1_50HZ,4.80000,2.20000,2.10000,0.70000,0.53000,0.71000,0.66000,1.100,1.500,90S/L,0.00620,9.000,20.000,16.400,45.000,925.000,0.73000,0.73000,WEG-WMO-W21-aluminium-multimounting-50096575-english-web.md,10,,
WEG_IE1_7p5kW_6P_380V_027,380,7500.000,50,6,17.10000,73.45181,0.84700,0.79000,IE1,Normal torque (IEC design N),WEG,WEG_IE1_50HZ,6.20000,2.00000,2.70000,0.83500,0.57000,0.84700,0.70000,7.500,10.000,160M/L,0.10510,6.000,13.000,95.200,57.000,975.000,0.84700,0.79000,WEG-WMO-W21-aluminium-multimounting-50096575-english-web.md,10,,
WEG_IE1_9p2kW_6P_380V_028,380,9200.000,50,6,20.20000,90.61345,0.85600,0.81000,IE1,Normal torque (IEC design N),WEG,WEG_IE1_50HZ,6.10000,2.00000,2.60000,0.85000,0.60000,0.85500,0.73000,9.200,12.500,160M/L,0.12610,6.000,13.000,110.000,57.000,970.000,0.85600,0.81000,WEG-WMO-W21-aluminium-multimounting-50096575-english-web.md,10,,
WEG_IE1_11p0kW_6P_380V_029,380,11000.000,50,6,24.00000,107.87315,0.87000,0.80000,IE1,Normal torque (IEC design N),WEG,WEG_IE1_50HZ,6.40000,2.50000,2.80000,0.86500,0.60000,0.87000,0.73000,11.000,15.000,160M/L,0.15410,9.000,20.000,108.000,57.000,970.000,0.87000,0.80000,WEG-WMO-W21-aluminium-multimounting-50096575-english-web.md,10,,
WEG_IE1_15p0kW_6P_380V_030,380,15000.000,50,6,32.10000,146.11908,0.87700,0.81000,IE1,Normal torque (IEC design N),WEG,WEG_IE1_50HZ,8.40000,2.50000,3.70000,0.87000,0.61000,0.87700,0.73000,15.000,20.000,180M/L,0.29810,6.000,13.000,150.000,56.000,980.000,0.87700,0.81000,WEG-WMO-W21-aluminium-multimounting-50096575-english-web.md,10,,
WEG_IE1_18p5kW_6P_380V_031,380,18500.000,50,6,38.70000,180.44236,0.88600,0.82000,IE1,Normal torque (IEC design N),WEG,WEG_IE1_50HZ,7.00000,2.40000,2.70000,0.88000,0.66000,0.88600,0.77000,18.500,25.000,200M/L,0.33350,8.000,18.000,200.000,58.000,980.000,0.88600,0.82000,WEG-WMO-W21-aluminium-multimounting-50096575-english-web.md,10,,
WEG_IE1_22p0kW_6P_380V_032,380,22000.000,50,6,48.00000,214.76563,0.89200,0.78000,IE1,Normal torque (IEC design N),WEG,WEG_IE1_50HZ,7.80000,3.00000,3.20000,0.88000,0.60000,0.89200,0.72000,22.000,30.000,200M/L,0.40370,7.000,15.000,220.000,58.000,980.000,0.89200,0.78000,WEG-WMO-W21-aluminium-multimounting-50096575-english-web.md,10,,
WEG_IE1_0p4kW_8P_380V_033,380,370.000,50,8,1.80000,5.01120,0.53000,0.59000,IE1,Normal torque (IEC design N),WEG,WEG_IE1_50HZ,4.00000,1.80000,2.50000,0.45000,0.42000,0.51000,0.52000,0.370,0.500,90S/L,0.00390,15.000,33.000,15.800,44.000,705.000,0.53000,0.59000,WEG-WMO-W21-aluminium-multimounting-50096575-english-web.md,10,,
WEG_IE1_0p6kW_8P_380V_034,380,550.000,50,8,2.11000,7.78648,0.60000,0.66000,IE1,Normal torque (IEC design N),WEG,WEG_IE1_50HZ,3.30000,1.90000,2.00000,0.58000,0.43000,0.60000,0.56000,0.550,0.750,90S/L,0.00560,25.000,55.000,22.000,44.000,675.000,0.60000,0.66000,WEG-WMO-W21-aluminium-multimounting-50096575-english-web.md,10,,
WEG_IE1_4p0kW_8P_380V_035,380,4000.000,50,8,10.80000,52.36751,0.79200,0.71000,IE1,Normal torque (IEC design N),WEG,WEG_IE1_50HZ,5.20000,2.00000,2.90000,0.75000,0.48000,0.78500,0.62000,4.000,5.500,160M/L,0.09800,10.000,22.000,97.000,53.000,730.000,0.79200,0.71000,WEG-WMO-W21-aluminium-multimounting-50096575-english-web.md,10,,
WEG_IE1_5p5kW_8P_380V_036,380,5500.000,50,8,14.40000,71.98081,0.81400,0.71000,IE1,Normal torque (IEC design N),WEG,WEG_IE1_50HZ,5.50000,2.10000,3.00000,0.78000,0.48000,0.80500,0.62000,5.500,7.500,160M/L,0.11910,8.000,18.000,97.300,53.000,730.000,0.81400,0.71000,WEG-WMO-W21-aluminium-multimounting-50096575-english-web.md,10,,
WEG_IE1_7p5kW_8P_380V_037,380,7500.000,50,8,19.30000,98.06650,0.83100,0.71000,IE1,Normal torque (IEC design N),WEG,WEG_IE1_50HZ,5.70000,2.50000,3.20000,0.81500,0.49000,0.83100,0.62000,7.500,10.000,160M/L,0.14710,12.000,26.000,115.000,53.000,730.000,0.83100,0.71000,WEG-WMO-W21-aluminium-multimounting-50096575-english-web.md,10,,
WEG_IE1_9p2kW_8P_380V_038,380,9200.000,50,8,21.20000,119.64113,0.84500,0.78000,IE1,Normal torque (IEC design N),WEG,WEG_IE1_50HZ,7.00000,2.10000,2.90000,0.84000,0.56000,0.84500,0.70000,9.200,12.500,180M/L,0.23080,8.000,18.000,120.000,51.000,735.000,0.84500,0.78000,WEG-WMO-W21-aluminium-multimounting-50096575-english-web.md,10,,
WEG_IE1_11p0kW_8P_380V_039,380,11000.000,50,8,25.90000,143.17709,0.85000,0.76000,IE1,Normal torque (IEC design N),WEG,WEG_IE1_50HZ,7.40000,2.40000,3.10000,0.84000,0.55000,0.85000,0.68000,11.000,15.000,180M/L,0.29930,8.000,18.000,130.000,51.000,735.000,0.85000,0.76000,WEG-WMO-W21-aluminium-multimounting-50096575-english-web.md,10,,
WEG_IE1_15p0kW_8P_380V_040,380,15000.000,50,8,34.70000,196.13300,0.87500,0.75000,IE1,Normal torque (IEC design N),WEG,WEG_IE1_50HZ,6.00000,2.10000,2.30000,0.86500,0.56000,0.87500,0.68000,15.000,20.000,200M/L,0.36920,15.000,33.000,150.000,56.000,730.000,0.87500,0.75000,WEG-WMO-W21-aluminium-multimounting-50096575-english-web.md,10,,
WEG_IE1_0p2kW_10P_380V_041,380,180.000,50,10,1.05000,3.09890,0.48000,0.54000,IE1,Normal torque (IEC design N),WEG,WEG_IE1_50HZ,2.70000,2.00000,2.20000,0.37000,0.39000,0.44000,0.47000,0.180,0.250,90S/L,0.00490,33.000,73.000,20.000,43.000,555.000,0.48000,0.54000,WEG-WMO-W21-aluminium-multimounting-50096575-english-web.md,10,,
WEG_IE1_0p2kW_10P_380V_042,380,250.000,50,10,1.44000,4.34435,0.48000,0.55000,IE1,Normal torque (IEC design N),WEG,WEG_IE1_50HZ,2.90000,2.10000,2.20000,0.39000,0.38000,0.46000,0.47000,0.250,0.330,90S/L,0.00550,33.000,73.000,19.500,43.000,550.000,0.48000,0.55000,WEG-WMO-W21-aluminium-multimounting-50096575-english-web.md,10,,
WEG_IE1_0p1kW_12P_380V_043,380,120.000,50,12,1.07000,2.41244,0.37000,0.46000,IE1,Normal torque (IEC design N),WEG,WEG_IE1_50HZ,2.30000,1.80000,2.00000,0.26000,0.35000,0.32000,0.40000,0.120,0.160,90S/L,0.00490,51.000,112.000,14.500,43.000,475.000,0.37000,0.46000,WEG-WMO-W21-aluminium-multimounting-50096575-english-web.md,10,,
WEG_IE1_0p2kW_12P_380V_044,380,180.000,50,12,1.59000,3.73633,0.40000,0.43000,IE1,Normal torque (IEC design N),WEG,WEG_IE1_50HZ,2.30000,2.00000,2.10000,0.30000,0.31000,0.36000,0.37000,0.180,0.250,90S/L,0.00660,45.000,99.000,19.700,43.000,460.000,0.40000,0.43000,WEG-WMO-W21-aluminium-multimounting-50096575-english-web.md,10,,
WEG_IE2_1p5kW_2P_380V_045,380,1500.000,50,2,3.35000,4.97197,0.82000,0.83000,IE2,Normal torque (IEC design N),WEG,WEG_IE2_50HZ,7.00000,2.60000,3.10000,0.80000,0.63000,0.82000,0.76000,1.500,2.000,90S/L,0.00210,7.000,15.000,18.200,62.000,2880.000,0.82000,0.83000,WEG-WMO-W21-aluminium-multimounting-50096575-english-web.md,11,,
WEG_IE2_11p0kW_2P_380V_046,380,11000.000,50,2,21.80000,35.69621,0.89400,0.86000,IE2,Normal torque (IEC design N),WEG,WEG_IE2_50HZ,7.90000,2.70000,3.20000,0.88500,0.71000,0.89400,0.81000,11.000,15.000,160M/L,0.04210,10.000,22.000,88.300,70.000,2940.000,0.89400,0.86000,WEG-WMO-W21-aluminium-multimounting-50096575-english-web.md,11,,
WEG_IE2_15p0kW_2P_380V_047,380,15000.000,50,2,29.10000,48.73905,0.90300,0.87000,IE2,Normal torque (IEC design N),WEG,WEG_IE2_50HZ,8.10000,2.80000,3.20000,0.89500,0.73000,0.90300,0.82000,15.000,20.000,160M/L,0.05060,7.000,15.000,103.000,70.000,2940.000,0.90300,0.87000,WEG-WMO-W21-aluminium-multimounting-50096575-english-web.md,11,,
WEG_IE2_18p5kW_2P_380V_048,380,18500.000,50,2,36.40000,60.11476,0.90900,0.85000,IE2,Normal torque (IEC design N),WEG,WEG_IE2_50HZ,8.40000,3.00000,3.30000,0.90000,0.70000,0.90900,0.80000,18.500,25.000,160M/L,0.05900,8.000,18.000,109.000,70.000,2940.000,0.90900,0.85000,WEG-WMO-W21-aluminium-multimounting-50096575-english-web.md,11,,
WEG_IE2_22p0kW_2P_380V_049,380,22000.000,50,2,43.50000,71.00015,0.91600,0.84000,IE2,Normal torque (IEC design N),WEG,WEG_IE2_50HZ,8.30000,2.50000,3.00000,0.91500,0.68000,0.91600,0.79000,22.000,30.000,180M/L,0.09750,8.000,18.000,145.000,70.000,2960.000,0.91600,0.84000,WEG-WMO-W21-aluminium-multimounting-50096575-english-web.md,11,,
WEG_IE2_30p0kW_2P_380V_050,380,30000.000,50,2,58.90000,96.79164,0.92000,0.84000,IE2,Normal torque (IEC design N),WEG,WEG_IE2_50HZ,7.20000,2.40000,2.80000,0.91200,0.70000,0.92000,0.80000,30.000,40.000,200M/L,0.15320,10.000,22.000,185.000,74.000,2960.000,0.92000,0.84000,WEG-WMO-W21-aluminium-multimounting-50096575-english-web.md,11,,
WEG_IE2_37p0kW_2P_380V_051,380,37000.000,50,2,70.60000,119.64113,0.92500,0.86000,IE2,Normal torque (IEC design N),WEG,WEG_IE2_50HZ,7.80000,2.40000,2.70000,0.92000,0.74000,0.92500,0.83000,37.000,50.000,200M/L,0.17030,8.000,18.000,197.000,74.000,2965.000,0.92500,0.86000,WEG-WMO-W21-aluminium-multimounting-50096575-english-web.md,11,,
WEG_IE2_0p8kW_2P_380V_052,380,750.000,50,2,1.80000,2.49089,0.78000,0.81000,IE2,Normal torque (IEC design N),WEG,WEG_IE2_50HZ,7.00000,2.00000,3.50000,0.77000,0.62000,0.78000,0.74000,0.750,1.000,90S/L,0.00120,15.000,33.000,17.500,62.000,2880.000,0.78000,0.81000,WEG-WMO-W21-aluminium-multimounting-50096575-english-web.md,11,,
WEG_IE2_1p1kW_2P_380V_053,380,1100.000,50,2,2.51000,3.67749,0.80500,0.83000,IE2,Normal torque (IEC design N),WEG,WEG_IE2_50HZ,6.10000,2.50000,2.60000,0.80000,0.65000,0.80500,0.77000,1.100,1.500,90S/L,0.00140,12.000,26.000,19.000,62.000,2860.000,0.80500,0.83000,WEG-WMO-W21-aluminium-multimounting-50096575-english-web.md,11,,
WEG_IE2_2p2kW_2P_380V_054,380,2200.000,50,2,4.82000,7.40402,0.83600,0.83000,IE2,Normal torque (IEC design N),WEG,WEG_IE2_50HZ,6.60000,3.00000,3.00000,0.83000,0.63000,0.83600,0.76000,2.200,3.000,90S/L,0.00220,9.000,20.000,19.400,62.000,2840.000,0.83600,0.83000,WEG-WMO-W21-aluminium-multimounting-50096575-english-web.md,11,,
WEG_IE2_1p1kW_4P_380V_055,380,1100.000,50,4,2.69000,7.21769,0.81600,0.76000,IE2,Normal torque (IEC design N),WEG,WEG_IE2_50HZ,6.50000,2.00000,2.90000,0.80000,0.53000,0.81600,0.67000,1.100,1.500,90S/L,0.00600,9.000,20.000,19.000,49.000,1455.000,0.81600,0.76000,WEG-WMO-W21-aluminium-multimounting-50096575-english-web.md,11,,
WEG_IE2_9p2kW_4P_380V_056,380,9200.000,50,4,19.10000,59.82056,0.89500,0.82000,IE2,Normal torque (IEC design N),WEG,WEG_IE2_50HZ,7.10000,2.60000,2.80000,0.87500,0.63000,0.89000,0.76000,9.200,12.500,160M/L,0.06380,8.000,18.000,105.000,67.000,1470.000,0.89500,0.82000,WEG-WMO-W21-aluminium-multimounting-50096575-english-web.md,11,,
WEG_IE2_11p0kW_4P_380V_057,380,11000.000,50,4,22.70000,71.49048,0.89800,0.82000,IE2,Normal torque (IEC design N),WEG,WEG_IE2_50HZ,6.90000,2.50000,2.70000,0.87500,0.63000,0.89000,0.76000,11.000,15.000,160M/L,0.08280,8.000,18.000,107.000,67.000,1470.000,0.89800,0.82000,WEG-WMO-W21-aluminium-multimounting-50096575-english-web.md,11,,
WEG_IE2_15p0kW_4P_380V_058,380,15000.000,50,4,30.60000,97.47810,0.90600,0.82000,IE2,Normal torque (IEC design N),WEG,WEG_IE2_50HZ,7.40000,2.70000,3.00000,0.89500,0.64000,0.90600,0.76000,15.000,20.000,160M/L,0.10690,8.000,18.000,108.000,67.000,1470.000,0.90600,0.82000,WEG-WMO-W21-aluminium-multimounting-50096575-english-web.md,11,,
WEG_IE2_18p5kW_4P_380V_059,380,18500.000,50,4,38.00000,119.64113,0.91200,0.81000,IE2,Normal torque (IEC design N),WEG,WEG_IE2_50HZ,7.80000,2.80000,3.20000,0.90000,0.62000,0.91000,0.75000,18.500,25.000,180M/L,0.15730,6.000,13.000,146.000,64.000,1480.000,0.91200,0.81000,WEG-WMO-W21-aluminium-multimounting-50096575-english-web.md,11,,
WEG_IE2_22p0kW_4P_380V_060,380,22000.000,50,4,45.10000,142.19643,0.91600,0.81000,IE2,Normal torque (IEC design N),WEG,WEG_IE2_50HZ,8.00000,2.90000,3.30000,0.90000,0.62000,0.91000,0.75000,22.000,30.000,180M/L,0.20100,7.000,15.000,162.000,64.000,1480.000,0.91600,0.81000,WEG-WMO-W21-aluminium-multimounting-50096575-english-web.md,11,,
WEG_IE2_30p0kW_4P_380V_061,380,30000.000,50,4,58.70000,195.15233,0.92300,0.84000,IE2,Normal torque (IEC design N),WEG,WEG_IE2_50HZ,7.00000,2.50000,2.80000,0.92000,0.69000,0.92300,0.80000,30.000,40.000,200M/L,0.29410,8.000,18.000,199.000,69.000,1470.000,0.92300,0.84000,WEG-WMO-W21-aluminium-multimounting-50096575-english-web.md,11,,
WEG_IE2_37p0kW_4P_380V_062,380,37000.000,50,4,72.80000,239.28226,0.93000,0.83000,IE2,Normal torque (IEC design N),WEG,WEG_IE2_50HZ,6.00000,2.40000,2.70000,0.92800,0.70000,0.93000,0.80000,37.000,50.000,200M/L,0.37210,14.000,31.000,225.000,69.000,1475.000,0.93000,0.83000,WEG-WMO-W21-aluminium-multimounting-50096575-english-web.md,11,,
WEG_IE2_0p8kW_4P_380V_063,380,750.000,50,4,1.93000,4.89352,0.80000,0.74000,IE2,Normal torque (IEC design N),WEG,WEG_IE2_50HZ,6.20000,2.10000,2.60000,0.78000,0.50000,0.80000,0.64000,0.750,1.000,90S/L,0.00380,14.000,31.000,18.000,49.000,1465.000,0.80000,0.74000,WEG-WMO-W21-aluminium-multimounting-50096575-english-web.md,12,,
WEG_IE2_1p5kW_4P_380V_064,380,1500.000,50,4,3.53000,9.90472,0.82800,0.78000,IE2,Normal torque (IEC design N),WEG,WEG_IE2_50HZ,6.30000,2.40000,2.80000,0.81500,0.57000,0.82800,0.69000,1.500,2.000,90S/L,0.00550,10.000,22.000,20.300,49.000,1445.000,0.82800,0.78000,WEG-WMO-W21-aluminium-multimounting-50096575-english-web.md,12,,
WEG_IE2_7p5kW_4P_380V_065,380,7500.000,50,4,15.30000,48.73905,0.88700,0.84000,IE2,Normal torque (IEC design N),WEG,WEG_IE2_50HZ,6.70000,2.30000,2.60000,0.86500,0.65000,0.88000,0.77000,7.500,10.000,160M/L,0.07830,8.000,18.000,104.000,67.000,1470.000,0.88700,0.84000,WEG-WMO-W21-aluminium-multimounting-50096575-english-web.md,12,,
WEG_IE2_0p8kW_6P_380V_066,380,750.000,50,6,2.05000,7.74725,0.76000,0.73000,IE2,Normal torque (IEC design N),WEG,WEG_IE2_50HZ,4.50000,2.00000,2.10000,0.74500,0.51000,0.76000,0.64000,0.750,1.000,90S/L,0.00550,23.000,51.000,16.300,45.000,925.000,0.76000,0.73000,WEG-WMO-W21-aluminium-multimounting-50096575-english-web.md,12,,
WEG_IE2_1p1kW_6P_380V_067,380,1100.000,50,6,2.93000,11.37571,0.78100,0.73000,IE2,Normal torque (IEC design N),WEG,WEG_IE2_50HZ,4.70000,2.30000,2.20000,0.76000,0.50000,0.78100,0.63000,1.100,1.500,90S/L,0.00660,17.000,37.000,20.700,45.000,925.000,0.78100,0.73000,WEG-WMO-W21-aluminium-multimounting-50096575-english-web.md,12,,
WEG_IE2_7p5kW_6P_380V_068,380,7500.000,50,6,16.70000,73.05954,0.87200,0.78000,IE2,Normal torque (IEC design N),WEG,WEG_IE2_50HZ,6.60000,2.20000,2.90000,0.86600,0.58000,0.87200,0.71000,7.500,10.000,160M/L,0.10550,10.000,22.000,103.000,56.000,980.000,0.87200,0.78000,WEG-WMO-W21-aluminium-multimounting-50096575-english-web.md,12,,
WEG_IE2_9p2kW_6P_380V_069,380,9200.000,50,6,20.60000,89.63278,0.88100,0.77000,IE2,Normal torque (IEC design N),WEG,WEG_IE2_50HZ,6.80000,2.30000,3.00000,0.86500,0.55000,0.87500,0.69000,9.200,12.500,160M/L,0.12660,10.000,22.000,109.000,57.000,980.000,0.88100,0.77000,WEG-WMO-W21-aluminium-multimounting-50096575-english-web.md,12,,
WEG_IE2_11p0kW_6P_380V_070,380,11000.000,50,6,23.30000,107.87315,0.88700,0.81000,IE2,Normal torque (IEC design N),WEG,WEG_IE2_50HZ,6.50000,2.40000,2.80000,0.88000,0.63000,0.88700,0.75000,11.000,15.000,160M/L,0.16890,10.000,22.000,107.000,57.000,970.000,0.88700,0.81000,WEG-WMO-W21-aluminium-multimounting-50096575-english-web.md,12,,
WEG_IE2_15p0kW_6P_380V_071,380,15000.000,50,6,31.40000,146.11908,0.89700,0.81000,IE2,Normal torque (IEC design N),WEG,WEG_IE2_50HZ,8.40000,2.50000,3.70000,0.87000,0.61000,0.89000,0.73000,15.000,20.000,180M/L,0.27050,6.000,13.000,150.000,56.000,980.000,0.89700,0.81000,WEG-WMO-W21-aluminium-multimounting-50096575-english-web.md,12,,
WEG_IE2_18p5kW_6P_380V_072,380,18500.000,50,6,38.80000,180.44236,0.90400,0.80000,IE2,Normal torque (IEC design N),WEG,WEG_IE2_50HZ,7.50000,2.70000,2.70000,0.89000,0.62000,0.90400,0.74000,18.500,25.000,200M/L,0.33350,8.000,18.000,178.000,58.000,980.000,0.90400,0.80000,WEG-WMO-W21-aluminium-multimounting-50096575-english-web.md,12,,
WEG_IE2_22p0kW_6P_380V_073,380,22000.000,50,6,47.20000,214.76563,0.90900,0.78000,IE2,Normal torque (IEC design N),WEG,WEG_IE2_50HZ,8.00000,3.00000,3.10000,0.88500,0.59000,0.90000,0.71000,22.000,30.000,200M/L,0.38680,8.000,18.000,199.000,58.000,980.000,0.90900,0.78000,WEG-WMO-W21-aluminium-multimounting-50096575-english-web.md,12,,
WEG_IE2_5p5kW_6P_380V_074,380,5500.000,50,6,12.30000,53.64238,0.86000,0.79000,IE2,Normal torque (IEC design N),WEG,WEG_IE2_50HZ,6.30000,2.00000,2.80000,0.85000,0.59000,0.85500,0.72000,5.500,7.500,160M/L,0.11910,14.000,31.000,106.000,56.000,980.000,0.86000,0.79000,WEG-WMO-W21-aluminium-multimounting-50096575-english-web.md,12,,
WEG_IE2_0p4kW_8P_380V_075,380,370.000,50,8,1.62000,5.11907,0.56100,0.62000,IE2,Normal torque (IEC design N),WEG,WEG_IE2_50HZ,3.50000,1.80000,2.00000,0.46100,0.41000,0.53200,0.52000,0.370,0.500,90S/L,0.00440,23.000,51.000,15.400,44.000,690.000,0.56100,0.62000,WEG-WMO-W21-aluminium-multimounting-50096575-english-web.md,12,,
WEG_IE2_0p6kW_8P_380V_076,380,550.000,50,8,1.98000,7.66880,0.64000,0.66000,IE2,Normal torque (IEC design N),WEG,WEG_IE2_50HZ,3.50000,1.90000,2.00000,0.61000,0.44000,0.64000,0.56000,0.550,0.750,90S/L,0.00600,31.000,68.000,18.900,44.000,685.000,0.64000,0.66000,WEG-WMO-W21-aluminium-multimounting-50096575-english-web.md,12,,
WEG_IE2_4p0kW_8P_380V_077,380,4000.000,50,8,10.60000,52.36751,0.81900,0.70000,IE2,Normal torque (IEC design N),WEG,WEG_IE2_50HZ,5.50000,2.10000,3.00000,0.80000,0.48000,0.81900,0.61000,4.000,5.500,160M/L,0.09850,13.000,29.000,85.800,51.000,730.000,0.81900,0.70000,WEG-WMO-W21-aluminium-multimounting-50096575-english-web.md,12,,
WEG_IE2_5p5kW_8P_380V_078,380,5500.000,50,8,14.40000,71.98081,0.83800,0.69000,IE2,Normal torque (IEC design N),WEG,WEG_IE2_50HZ,5.50000,2.10000,3.00000,0.79000,0.47000,0.81500,0.60000,5.500,7.500,160M/L,0.12660,9.000,20.000,102.000,51.000,730.000,0.83800,0.69000,WEG-WMO-W21-aluminium-multimounting-50096575-english-web.md,12,,
WEG_IE2_7p5kW_8P_380V_079,380,7500.000,50,8,18.80000,98.06650,0.85300,0.71000,IE2,Normal torque (IEC design N),WEG,WEG_IE2_50HZ,5.60000,2.40000,3.10000,0.84000,0.50000,0.85300,0.63000,7.500,10.000,160M/L,0.15550,15.000,33.000,108.000,53.000,730.000,0.85300,0.71000,WEG-WMO-W21-aluminium-multimounting-50096575-english-web.md,12,,
WEG_IE2_9p2kW_8P_380V_080,380,9200.000,50,8,21.30000,119.64113,0.86300,0.76000,IE2,Normal torque (IEC design N),WEG,WEG_IE2_50HZ,7.00000,2.10000,2.90000,0.85000,0.55000,0.86000,0.68000,9.200,12.500,180M/L,0.23080,8.000,18.000,133.000,51.000,735.000,0.86300,0.76000,WEG-WMO-W21-aluminium-multimounting-50096575-english-web.md,12,,
WEG_IE2_11p0kW_8P_380V_081,380,11000.000,50,8,25.30000,143.17709,0.86900,0.76000,IE2,Normal torque (IEC design N),WEG,WEG_IE2_50HZ,7.40000,2.30000,3.10000,0.85000,0.55000,0.86000,0.68000,11.000,15.000,180M/L,0.32590,8.000,18.000,154.000,51.000,735.000,0.86900,0.76000,WEG-WMO-W21-aluminium-multimounting-50096575-english-web.md,12,,
WEG_IE2_15p0kW_8P_380V_082,380,15000.000,50,8,35.50000,195.15233,0.88000,0.73000,IE2,Normal torque (IEC design N),WEG,WEG_IE2_50HZ,6.00000,2.30000,2.30000,0.86500,0.53000,0.87500,0.66000,15.000,20.000,200M/L,0.42280,12.000,26.000,222.000,53.000,735.000,0.88000,0.73000,WEG-WMO-W21-aluminium-multimounting-50096575-english-web.md,12,,
WEG_IE3_1p5kW_2P_380V_083,380,1500.000,50,2,3.31000,4.94255,0.84200,0.82000,IE3,Normal torque (IEC design N),WEG,WEG_IE3_50HZ,8.00000,2.60000,3.50000,0.83000,0.64000,0.84200,0.75000,1.500,2.000,90S/L,0.00200,15.000,33.000,19.500,62.000,2900.000,0.84200,0.82000,WEG-WMO-W21-aluminium-multimounting-50096575-english-web.md,13,,
WEG_IE3_2p2kW_2P_380V_084,380,2200.000,50,2,4.66000,7.32557,0.86300,0.83000,IE3,Normal torque (IEC design N),WEG,WEG_IE3_50HZ,7.50000,3.40000,3.50000,0.86000,0.65000,0.86500,0.77000,2.200,3.000,90S/L,0.00260,12.000,26.000,18.300,62.000,2870.000,0.86300,0.83000,WEG-WMO-W21-aluminium-multimounting-50096575-english-web.md,13,,
WEG_IE3_11p0kW_2P_380V_085,380,11000.000,50,2,21.60000,35.59814,0.91200,0.85000,IE3,Normal torque (IEC design N),WEG,WEG_IE3_50HZ,9.20000,3.10000,3.80000,0.88500,0.70000,0.90500,0.80000,11.000,15.000,160M/L,0.05060,12.000,26.000,115.000,70.000,2955.000,0.91200,0.85000,WEG-WMO-W21-aluminium-multimounting-50096575-english-web.md,13,,
WEG_IE3_15p0kW_2P_380V_086,380,15000.000,50,2,29.90000,48.54292,0.91900,0.83000,IE3,Normal torque (IEC design N),WEG,WEG_IE3_50HZ,9.00000,2.80000,3.40000,0.89000,0.67000,0.90500,0.78000,15.000,20.000,160M/L,0.05650,8.000,18.000,109.000,70.000,2950.000,0.91900,0.83000,WEG-WMO-W21-aluminium-multimounting-50096575-english-web.md,13,,
WEG_IE3_18p5kW_2P_380V_087,380,18500.000,50,2,35.80000,60.01670,0.92400,0.85000,IE3,Normal torque (IEC design N),WEG,WEG_IE3_50HZ,8.80000,3.10000,3.40000,0.90000,0.71000,0.91000,0.81000,18.500,25.000,160M/L,0.06500,11.000,24.000,113.000,70.000,2945.000,0.92400,0.85000,WEG-WMO-W21-aluminium-multimounting-50096575-english-web.md,13,,
WEG_IE3_22p0kW_2P_380V_088,380,22000.000,50,2,42.40000,71.00015,0.92700,0.85000,IE3,Normal torque (IEC design N),WEG,WEG_IE3_50HZ,8.30000,2.50000,3.20000,0.92000,0.69000,0.92700,0.80000,22.000,30.000,180M/L,0.11920,10.000,22.000,145.000,70.000,2960.000,0.92700,0.85000,WEG-WMO-W21-aluminium-multimounting-50096575-english-web.md,13,,
WEG_IE3_30p0kW_2P_380V_089,380,30000.000,50,2,56.10000,96.59550,0.93300,0.87000,IE3,Normal torque (IEC design N),WEG,WEG_IE3_50HZ,7.60000,2.40000,2.70000,0.92000,0.76000,0.93000,0.84000,30.000,40.000,200M/L,0.20630,14.000,31.000,219.000,74.000,2965.000,0.93300,0.87000,WEG-WMO-W21-aluminium-multimounting-50096575-english-web.md,13,,
WEG_IE3_37p0kW_2P_380V_090,380,37000.000,50,2,70.60000,119.64113,0.93700,0.85000,IE3,Normal torque (IEC design N),WEG,WEG_IE3_50HZ,7.30000,2.20000,2.80000,0.92500,0.74000,0.93500,0.82000,37.000,50.000,200M/L,0.21140,18.000,40.000,208.000,74.000,2960.000,0.93700,0.85000,WEG-WMO-W21-aluminium-multimounting-50096575-english-web.md,13,,
WEG_IE3_0p8kW_2P_380V_091,380,750.000,50,2,1.73000,2.45166,0.80700,0.82000,IE3,Normal torque (IEC design N),WEG,WEG_IE3_50HZ,8.20000,2.40000,3.40000,0.75500,0.63000,0.79300,0.75000,0.750,1.000,90S/L,0.00150,15.000,33.000,15.000,62.000,2920.000,0.80700,0.82000,WEG-WMO-W21-aluminium-multimounting-50096575-english-web.md,13,,
WEG_IE3_1p1kW_2P_380V_092,380,1100.000,50,2,2.46000,3.60885,0.82700,0.82000,IE3,Normal torque (IEC design N),WEG,WEG_IE3_50HZ,7.80000,2.20000,3.30000,0.79400,0.63000,0.81800,0.75000,1.100,1.500,90S/L,0.00180,12.000,26.000,17.100,62.000,2910.000,0.82700,0.82000,WEG-WMO-W21-aluminium-multimounting-50096575-english-web.md,13,,
WEG_IE3_1p1kW_4P_380V_093,380,1100.000,50,4,2.53000,7.21769,0.84800,0.78000,IE3,Normal torque (IEC design N),WEG,WEG_IE3_50HZ,7.60000,2.50000,3.30000,0.83000,0.57000,0.84500,0.70000,1.100,1.500,90S/L,0.00550,15.000,33.000,19.400,49.000,1455.000,0.84800,0.78000,WEG-WMO-W21-aluminium-multimounting-50096575-english-web.md,13,,
WEG_IE3_1p5kW_4P_380V_094,380,1500.000,50,4,3.38000,9.90472,0.85500,0.79000,IE3,Normal torque (IEC design N),WEG,WEG_IE3_50HZ,7.40000,2.60000,3.00000,0.84000,0.58000,0.85000,0.72000,1.500,2.000,90S/L,0.00660,13.000,29.000,18.100,49.000,1445.000,0.85500,0.79000,WEG-WMO-W21-aluminium-multimounting-50096575-english-web.md,13,,
WEG_IE3_11p0kW_4P_380V_095,380,11000.000,50,4,23.50000,71.49048,0.91400,0.78000,IE3,Normal torque (IEC design N),WEG,WEG_IE3_50HZ,8.00000,3.20000,3.40000,0.88300,0.57000,0.90000,0.70000,11.000,15.000,160M/L,0.10710,12.000,26.000,103.000,67.000,1470.000,0.91400,0.78000,WEG-WMO-W21-aluminium-multimounting-50096575-english-web.md,13,,
WEG_IE3_15p0kW_4P_380V_096,380,15000.000,50,4,30.20000,97.47810,0.92100,0.82000,IE3,Normal torque (IEC design N),WEG,WEG_IE3_50HZ,7.10000,3.10000,3.20000,0.89200,0.64000,0.90200,0.76000,15.000,20.000,160M/L,0.12630,11.000,24.000,115.000,67.000,1470.000,0.92100,0.82000,WEG-WMO-W21-aluminium-multimounting-50096575-english-web.md,13,,
WEG_IE3_18p5kW_4P_380V_097,380,18500.000,50,4,37.10000,119.64113,0.92600,0.82000,IE3,Normal torque (IEC design N),WEG,WEG_IE3_50HZ,7.80000,3.00000,3.20000,0.91000,0.65000,0.92000,0.77000,18.500,25.000,180M/L,0.20880,15.000,33.000,154.000,64.000,1480.000,0.92600,0.82000,WEG-WMO-W21-aluminium-multimounting-50096575-english-web.md,13,,
WEG_IE3_22p0kW_4P_380V_098,380,22000.000,50,4,43.80000,142.19643,0.93000,0.82000,IE3,Normal torque (IEC design N),WEG,WEG_IE3_50HZ,8.00000,3.00000,3.30000,0.91000,0.65000,0.92000,0.77000,22.000,30.000,180M/L,0.23930,13.000,29.000,181.000,64.000,1475.000,0.93000,0.82000,WEG-WMO-W21-aluminium-multimounting-50096575-english-web.md,13,,
WEG_IE3_30p0kW_4P_380V_099,380,30000.000,50,4,60.10000,194.17167,0.93600,0.81000,IE3,Normal torque (IEC design N),WEG,WEG_IE3_50HZ,7.00000,3.20000,3.40000,0.92500,0.63000,0.93600,0.75000,30.000,40.000,200M/L,0.37430,8.000,18.000,208.000,69.000,1475.000,0.93600,0.81000,WEG-WMO-W21-aluminium-multimounting-50096575-english-web.md,13,,
WEG_IE3_0p8kW_4P_380V_100,380,750.000,50,4,1.89000,4.90332,0.82500,0.73000,IE3,Normal torque (IEC design N),WEG,WEG_IE3_50HZ,6.80000,2.10000,3.40000,0.78200,0.50000,0.81800,0.63000,0.750,1.000,90S/L,0.00490,16.000,35.000,17.500,49.000,1460.000,0.82500,0.73000,WEG-WMO-W21-aluminium-multimounting-50096575-english-web.md,13,,
WEG_IE3_0p8kW_6P_380V_101,380,750.000,50,6,2.03000,7.61977,0.79000,0.71000,IE3,Normal torque (IEC design N),WEG,WEG_IE3_50HZ,5.20000,2.50000,2.80000,0.76500,0.49000,0.79000,0.62000,0.750,1.000,90S/L,0.00660,31.000,68.000,18.400,45.000,940.000,0.79000,0.71000,WEG-WMO-W21-aluminium-multimounting-50096575-english-web.md,14,,
WEG_IE3_7p5kW_6P_380V_102,380,7500.000,50,6,16.00000,73.45181,0.89100,0.80000,IE3,Normal torque (IEC design N),WEG,WEG_IE3_50HZ,6.60000,2.50000,2.90000,0.86000,0.61000,0.88500,0.74000,7.500,10.000,160M/L,0.16140,19.000,42.000,101.000,54.000,975.000,0.89100,0.80000,WEG-WMO-W21-aluminium-multimounting-50096575-english-web.md,14,,
WEG_IE3_11p0kW_6P_380V_103,380,11000.000,50,6,24.30000,107.87315,0.90300,0.76000,IE3,Normal torque (IEC design N),WEG,WEG_IE3_50HZ,7.00000,3.20000,3.20000,0.87500,0.54000,0.89400,0.68000,11.000,15.000,160M/L,0.16890,13.000,29.000,119.000,54.000,977.000,0.90300,0.76000,WEG-WMO-W21-aluminium-multimounting-50096575-english-web.md,14,,
WEG_IE3_15p0kW_6P_380V_104,380,15000.000,50,6,30.80000,146.11908,0.91200,0.81000,IE3,Normal torque (IEC design N),WEG,WEG_IE3_50HZ,8.40000,3.10000,3.70000,0.90000,0.61000,0.91200,0.74000,15.000,20.000,180M/L,0.33100,8.000,18.000,137.000,56.000,980.000,0.91200,0.81000,WEG-WMO-W21-aluminium-multimounting-50096575-english-web.md,14,,
WEG_IE3_18p5kW_6P_380V_105,380,18500.000,50,6,37.30000,181.42302,0.92000,0.82000,IE3,Normal torque (IEC design N),WEG,WEG_IE3_50HZ,6.30000,2.30000,2.50000,0.90500,0.67000,0.91800,0.78000,18.500,25.000,200M/L,0.38610,17.000,37.000,193.000,58.000,975.000,0.92000,0.82000,WEG-WMO-W21-aluminium-multimounting-50096575-english-web.md,14,,
WEG_IE3_22p0kW_6P_380V_106,380,22000.000,50,6,44.20000,215.74630,0.92200,0.82000,IE3,Normal torque (IEC design N),WEG,WEG_IE3_50HZ,6.20000,2.30000,2.60000,0.90400,0.65000,0.92000,0.75000,22.000,30.000,200M/L,0.43880,15.000,33.000,208.000,58.000,975.000,0.92200,0.82000,WEG-WMO-W21-aluminium-multimounting-50096575-english-web.md,14,,
WEG_IE3_5p5kW_6P_380V_107,380,5500.000,50,6,12.30000,53.64238,0.88000,0.77000,IE3,Normal torque (IEC design N),WEG,WEG_IE3_50HZ,6.70000,2.20000,2.90000,0.87000,0.58000,0.88000,0.70000,5.500,7.500,160M/L,0.12640,15.000,33.000,112.000,54.000,980.000,0.88000,0.77000,WEG-WMO-W21-aluminium-multimounting-50096575-english-web.md,14,,
WEG_IE3_0p4kW_8P_380V_108,380,370.000,50,8,1.31000,5.01120,0.69300,0.62000,IE3,Normal torque (IEC design N),WEG,WEG_IE3_50HZ,3.70000,2.00000,2.20000,0.61000,0.41000,0.66000,0.53000,0.370,0.500,90S/L,0.00550,30.000,66.000,19.000,44.000,705.000,0.69300,0.62000,WEG-WMO-W21-aluminium-multimounting-50096575-english-web.md,14,,
WEG_IE3_0p6kW_8P_380V_109,380,550.000,50,8,1.71000,7.66880,0.73000,0.67000,IE3,Normal torque (IEC design N),WEG,WEG_IE3_50HZ,3.60000,1.80000,2.10000,0.63000,0.44000,0.72500,0.57000,0.550,0.750,90S/L,0.00660,29.000,64.000,18.300,44.000,685.000,0.73000,0.67000,WEG-WMO-W21-aluminium-multimounting-50096575-english-web.md,14,,
WEG_IE3_4p0kW_8P_380V_110,380,4000.000,50,8,10.20000,52.36751,0.84800,0.70000,IE3,Normal torque (IEC design N),WEG,WEG_IE3_50HZ,5.60000,2.10000,3.10000,0.81000,0.48000,0.83000,0.61000,4.000,5.500,160M/L,0.12210,15.000,33.000,94.700,53.000,730.000,0.84800,0.70000,WEG-WMO-W21-aluminium-multimounting-50096575-english-web.md,14,,
WEG_IE3_5p5kW_8P_380V_111,380,5500.000,50,8,13.70000,71.98081,0.86200,0.71000,IE3,Normal torque (IEC design N),WEG,WEG_IE3_50HZ,5.70000,2.40000,3.20000,0.84000,0.49000,0.86000,0.62000,5.500,7.500,160M/L,0.16520,20.000,44.000,98.700,53.000,730.000,0.86200,0.71000,WEG-WMO-W21-aluminium-multimounting-50096575-english-web.md,14,,
WEG_IE3_7p5kW_8P_380V_112,380,7500.000,50,8,17.90000,99.04716,0.87300,0.73000,IE3,Normal torque (IEC design N),WEG,WEG_IE3_50HZ,5.30000,2.20000,2.80000,0.86000,0.54000,0.87000,0.66000,7.500,10.000,160M/L,0.16520,19.000,42.000,119.000,53.000,725.000,0.87300,0.73000,WEG-WMO-W21-aluminium-multimounting-50096575-english-web.md,14,,
WEG_IE3_11p0kW_8P_380V_113,380,11000.000,50,8,24.80000,144.15775,0.88600,0.76000,IE3,Normal torque (IEC design N),WEG,WEG_IE3_50HZ,6.50000,2.30000,2.70000,0.88600,0.55000,0.88600,0.68000,11.000,15.000,180M/L,0.30340,13.000,29.000,145.000,51.000,730.000,0.88600,0.76000,WEG-WMO-W21-aluminium-multimounting-50096575-english-web.md,14,,
WEG_IE3_15p0kW_8P_380V_114,380,15000.000,50,8,35.30000,195.15233,0.90900,0.71000,IE3,Normal torque (IEC design N),WEG,WEG_IE3_50HZ,5.00000,2.00000,2.20000,0.89500,0.53000,0.90500,0.65000,15.000,20.000,200M/L,0.50230,28.000,62.000,228.000,56.000,735.000,0.90900,0.71000,WEG-WMO-W21-aluminium-multimounting-50096575-english-web.md,14,,
WEG_IE1_2p2kW_2P_220V_115,220,2200.000,60,2,8.63000,6.06051,0.81600,0.82000,IE1,Normal torque (IEC design N),WEG,WEG_IE1_60HZ,7.80000,3.00000,3.00000,0.78500,0.65000,0.80000,0.76000,2.200,3.000,90S/L,0.00260,6.000,13.000,17.300,68.000,3465.000,0.81600,0.82000,WEG-WMO-W21-aluminium-multimounting-50096575-english-web.md,15,,
WEG_IE1_3p0kW_2P_220V_116,220,3000.000,60,2,11.40000,8.30623,0.84000,0.82000,IE1,Normal torque (IEC design N),WEG,WEG_IE1_60HZ,7.60000,3.30000,3.60000,0.83200,0.65000,0.84500,0.76000,3.000,4.000,90S/L,0.00250,7.000,15.000,16.800,68.000,3450.000,0.84000,0.82000,WEG-WMO-W21-aluminium-multimounting-50096575-english-web.md,15,,
WEG_IE1_15p0kW_2P_220V_117,220,15000.000,60,2,50.50000,40.50146,0.88500,0.88000,IE1,Normal torque (IEC design N),WEG,WEG_IE1_60HZ,8.00000,2.70000,3.10000,0.86600,0.78000,0.88200,0.85000,15.000,20.000,160M/L,0.03970,9.000,20.000,102.000,75.000,3535.000,0.88500,0.88000,WEG-WMO-W21-aluminium-multimounting-50096575-english-web.md,15,,
WEG_IE1_18p5kW_2P_220V_118,220,18500.000,60,2,63.10000,49.81778,0.89500,0.86000,IE1,Normal torque (IEC design N),WEG,WEG_IE1_60HZ,9.60000,3.30000,3.70000,0.86200,0.73000,0.88300,0.82000,18.500,25.000,160M/L,0.05090,7.000,15.000,120.000,75.000,3545.000,0.89500,0.86000,WEG-WMO-W21-aluminium-multimounting-50096575-english-web.md,15,,
WEG_IE1_22p0kW_2P_220V_119,220,22000.000,60,2,72.90000,59.42830,0.90000,0.88000,IE1,Normal torque (IEC design N),WEG,WEG_IE1_60HZ,9.20000,3.20000,3.40000,0.88000,0.77000,0.89500,0.85000,22.000,30.000,160M/L,0.06220,9.000,20.000,138.000,75.000,3535.000,0.90000,0.88000,WEG-WMO-W21-aluminium-multimounting-50096575-english-web.md,15,,
WEG_IE1_30p0kW_2P_220V_120,220,30000.000,60,2,102.00000,80.61066,0.91000,0.85000,IE1,Normal torque (IEC design N),WEG,WEG_IE1_60HZ,6.50000,2.10000,2.40000,0.89000,0.75000,0.91000,0.82000,30.000,40.000,200M/L,0.16180,22.000,48.000,192.000,79.000,3555.000,0.91000,0.85000,WEG-WMO-W21-aluminium-multimounting-50096575-english-web.md,15,,
WEG_IE1_37p0kW_2P_220V_121,220,37000.000,60,2,120.00000,99.04716,0.92200,0.88000,IE1,Normal torque (IEC design N),WEG,WEG_IE1_60HZ,6.30000,2.10000,2.20000,0.91000,0.81000,0.92200,0.86000,37.000,50.000,200M/L,0.19580,23.000,51.000,216.000,79.000,3555.000,0.92200,0.88000,WEG-WMO-W21-aluminium-multimounting-50096575-english-web.md,15,,
WEG_IE1_1p1kW_2P_220V_122,220,1100.000,60,2,4.22000,3.04987,0.78600,0.87000,IE1,Normal torque (IEC design N),WEG,WEG_IE1_60HZ,7.00000,2.50000,3.00000,0.72500,0.75000,0.76500,0.83000,1.100,1.500,90S/L,0.00150,11.000,24.000,12.900,68.000,3440.000,0.78600,0.87000,WEG-WMO-W21-aluminium-multimounting-50096575-english-web.md,15,,
WEG_IE1_1p5kW_2P_220V_123,220,1500.000,60,2,5.64000,4.11879,0.81100,0.86000,IE1,Normal torque (IEC design N),WEG,WEG_IE1_60HZ,7.50000,2.50000,3.00000,0.78000,0.69000,0.80000,0.80000,1.500,2.000,90S/L,0.00180,10.000,22.000,13.900,68.000,3475.000,0.81100,0.86000,WEG-WMO-W21-aluminium-multimounting-50096575-english-web.md,15,,
WEG_IE1_11p0kW_2P_220V_124,220,11000.000,60,2,37.90000,29.71415,0.87500,0.87000,IE1,Normal torque (IEC design N),WEG,WEG_IE1_60HZ,7.70000,2.50000,3.00000,0.84000,0.75000,0.86500,0.83000,11.000,15.000,160M/L,0.03670,9.000,20.000,97.000,75.000,3535.000,0.87500,0.87000,WEG-WMO-W21-aluminium-multimounting-50096575-english-web.md,15,,
WEG_IE1_22p0kW_2P_220V_125,220,22000.000,60,2,74.90000,59.03603,0.89600,0.86000,IE1,Normal torque (IEC design N),WEG,WEG_IE1_60HZ,8.00000,2.40000,2.80000,0.87000,0.72000,0.88500,0.81000,22.000,30.000,180M/L,0.09300,10.000,22.000,138.000,75.000,3560.000,0.89600,0.86000,WEG-WMO-W21-aluminium-multimounting-50096575-english-web.md,15,,
WEG_IE1_1p5kW_4P_220V_126,220,1500.000,60,4,6.07000,8.23759,0.83100,0.78000,IE1,Normal torque (IEC design N),WEG,WEG_IE1_60HZ,6.40000,2.50000,3.00000,0.81000,0.60000,0.83100,0.72000,1.500,2.000,90S/L,0.00550,11.000,24.000,16.300,51.000,1740.000,0.83100,0.78000,WEG-WMO-W21-aluminium-multimounting-50096575-english-web.md,15,,
WEG_IE1_2p2kW_4P_220V_127,220,2200.000,60,4,8.68000,12.16025,0.83100,0.80000,IE1,Normal torque (IEC design N),WEG,WEG_IE1_60HZ,6.80000,2.60000,2.80000,0.83100,0.64000,0.84000,0.75000,2.200,3.000,90S/L,0.00660,8.000,18.000,18.300,51.000,1725.000,0.83100,0.80000,WEG-WMO-W21-aluminium-multimounting-50096575-english-web.md,15,,
WEG_IE1_15p0kW_4P_220V_128,220,15000.000,60,4,53.60000,81.19906,0.89500,0.82000,IE1,Normal torque (IEC design N),WEG,WEG_IE1_60HZ,7.30000,2.60000,2.90000,0.87600,0.63000,0.89000,0.75000,15.000,20.000,160M/L,0.09230,6.000,13.000,125.000,66.000,1765.000,0.89500,0.82000,WEG-WMO-W21-aluminium-multimounting-50096575-english-web.md,15,,
WEG_IE1_18p5kW_4P_220V_129,220,18500.000,60,4,69.70000,100.02783,0.90500,0.77000,IE1,Normal torque (IEC design N),WEG,WEG_IE1_60HZ,7.80000,3.10000,3.30000,0.88000,0.56000,0.89700,0.70000,18.500,25.000,160M/L,0.11140,7.000,15.000,143.000,66.000,1770.000,0.90500,0.77000,WEG-WMO-W21-aluminium-multimounting-50096575-english-web.md,15,,
WEG_IE1_22p0kW_4P_220V_130,220,22000.000,60,4,77.40000,117.67980,0.91000,0.82000,IE1,Normal torque (IEC design N),WEG,WEG_IE1_60HZ,7.90000,2.80000,3.20000,0.90000,0.65000,0.91000,0.76000,22.000,30.000,180M/L,0.15660,7.000,15.000,143.000,68.000,1780.000,0.91000,0.82000,WEG-WMO-W21-aluminium-multimounting-50096575-english-web.md,15,,
WEG_IE1_30p0kW_4P_220V_131,220,30000.000,60,4,102.00000,160.82906,0.91800,0.84000,IE1,Normal torque (IEC design N),WEG,WEG_IE1_60HZ,6.60000,2.30000,2.80000,0.91000,0.68000,0.91600,0.79000,30.000,40.000,200M/L,0.26680,19.000,42.000,200.000,71.000,1780.000,0.91800,0.84000,WEG-WMO-W21-aluminium-multimounting-50096575-english-web.md,15,,
WEG_IE1_37p0kW_4P_220V_132,220,37000.000,60,4,122.00000,200.05566,0.92500,0.86000,IE1,Normal torque (IEC design N),WEG,WEG_IE1_60HZ,6.60000,2.30000,2.30000,0.92000,0.75000,0.92300,0.83000,37.000,50.000,200M/L,0.32020,16.000,35.000,225.000,71.000,1770.000,0.92500,0.86000,WEG-WMO-W21-aluminium-multimounting-50096575-english-web.md,15,,
WEG_IE1_0p8kW_4P_220V_133,220,750.000,60,4,3.22000,4.11879,0.79500,0.77000,IE1,Normal torque (IEC design N),WEG,WEG_IE1_60HZ,6.50000,2.80000,3.00000,0.72500,0.55000,0.77000,0.68000,0.750,1.000,90S/L,0.00380,15.000,33.000,13.400,51.000,1740.000,0.79500,0.77000,WEG-WMO-W21-aluminium-multimounting-50096575-english-web.md,16,,
WEG_IE1_1p1kW_4P_220V_134,220,1100.000,60,4,4.54000,6.00167,0.79500,0.80000,IE1,Normal torque (IEC design N),WEG,WEG_IE1_60HZ,6.60000,2.60000,2.80000,0.74000,0.60000,0.77500,0.73000,1.100,1.500,90S/L,0.00490,10.000,22.000,15.300,51.000,1750.000,0.79500,0.80000,WEG-WMO-W21-aluminium-multimounting-50096575-english-web.md,16,,
WEG_IE1_11p0kW_4P_220V_135,220,11000.000,60,4,39.30000,59.52637,0.88600,0.83000,IE1,Normal torque (IEC design N),WEG,WEG_IE1_60HZ,7.00000,2.50000,2.70000,0.85000,0.65000,0.86900,0.77000,11.000,15.000,160M/L,0.06330,7.000,15.000,97.000,66.000,1765.000,0.88600,0.83000,WEG-WMO-W21-aluminium-multimounting-50096575-english-web.md,16,,
WEG_IE1_18p5kW_4P_220V_136,220,18500.000,60,4,64.60000,100.02783,0.90500,0.83000,IE1,Normal torque (IEC design N),WEG,WEG_IE1_60HZ,7.50000,2.60000,3.10000,0.89500,0.66000,0.90500,0.77000,18.500,25.000,180M/L,0.15660,8.000,18.000,143.000,68.000,1775.000,0.90500,0.83000,WEG-WMO-W21-aluminium-multimounting-50096575-english-web.md,16,,
WEG_IE1_0p8kW_6P_220V_137,220,750.000,60,6,3.77000,6.33510,0.74500,0.70000,IE1,Normal torque (IEC design N),WEG,WEG_IE1_60HZ,5.30000,2.60000,2.70000,0.70500,0.48000,0.74300,0.61000,0.750,1.000,90S/L,0.00490,16.000,35.000,15.300,49.000,1130.000,0.74500,0.70000,WEG-WMO-W21-aluminium-multimounting-50096575-english-web.md,16,,
WEG_IE1_1p1kW_6P_220V_138,220,1100.000,60,6,5.49000,9.29670,0.75100,0.70000,IE1,Normal torque (IEC design N),WEG,WEG_IE1_60HZ,5.30000,2.50000,2.70000,0.71000,0.48000,0.74500,0.60000,1.100,1.500,90S/L,0.00550,10.000,22.000,16.300,49.000,1130.000,0.75100,0.70000,WEG-WMO-W21-aluminium-multimounting-50096575-english-web.md,16,,
WEG_IE1_9p2kW_6P_220V_139,220,9200.000,60,6,34.70000,75.11894,0.86000,0.81000,IE1,Normal torque (IEC design N),WEG,WEG_IE1_60HZ,6.30000,2.10000,2.60000,0.85000,0.61000,0.86000,0.74000,9.200,12.500,160M/L,0.11910,6.000,13.000,115.000,59.000,1170.000,0.86000,0.81000,WEG-WMO-W21-aluminium-multimounting-50096575-english-web.md,16,,
WEG_IE1_11p0kW_6P_220V_140,220,11000.000,60,6,41.10000,89.43665,0.89000,0.79000,IE1,Normal torque (IEC design N),WEG,WEG_IE1_60HZ,7.00000,2.70000,3.10000,0.87000,0.60000,0.88500,0.72000,11.000,15.000,160M/L,0.16110,10.000,22.000,140.000,59.000,1175.000,0.89000,0.79000,WEG-WMO-W21-aluminium-multimounting-50096575-english-web.md,16,,
WEG_IE1_15p0kW_6P_220V_141,220,15000.000,60,6,57.10000,122.58312,0.89500,0.77000,IE1,Normal torque (IEC design N),WEG,WEG_IE1_60HZ,7.00000,2.80000,3.10000,0.87000,0.56000,0.88500,0.69000,15.000,20.000,160M/L,0.18210,8.000,18.000,155.000,59.000,1170.000,0.89500,0.77000,WEG-WMO-W21-aluminium-multimounting-50096575-english-web.md,16,,
WEG_IE1_18p5kW_6P_220V_142,220,18500.000,60,6,59.70000,151.02241,0.90300,0.90000,IE1,Normal torque (IEC design N),WEG,WEG_IE1_60HZ,7.90000,2.60000,2.80000,0.90000,0.78000,0.90300,0.86000,18.500,25.000,180M/L,0.29700,8.000,18.000,155.000,59.000,1170.000,0.90300,0.90000,WEG-WMO-W21-aluminium-multimounting-50096575-english-web.md,16,,
WEG_IE1_22p0kW_6P_220V_143,220,22000.000,60,6,74.60000,178.48103,0.91100,0.85000,IE1,Normal torque (IEC design N),WEG,WEG_IE1_60HZ,6.00000,2.10000,2.30000,0.90500,0.75000,0.91100,0.81000,22.000,30.000,200M/L,0.40440,18.000,40.000,215.000,62.000,1175.000,0.91100,0.85000,WEG-WMO-W21-aluminium-multimounting-50096575-english-web.md,16,,
WEG_IE1_30p0kW_6P_220V_144,220,30000.000,60,6,102.00000,244.18558,0.91800,0.84000,IE1,Normal torque (IEC design N),WEG,WEG_IE1_60HZ,6.00000,2.20000,2.30000,0.91000,0.74000,0.91800,0.81000,30.000,40.000,200M/L,0.44040,14.000,31.000,230.000,62.000,1175.000,0.91800,0.84000,WEG-WMO-W21-aluminium-multimounting-50096575-english-web.md,16,,
WEG_IE1_0p4kW_6P_220V_145,220,370.000,60,6,2.37000,3.06948,0.65000,0.63000,IE1,Normal torque (IEC design N),WEG,WEG_IE1_60HZ,5.00000,2.90000,3.00000,0.58500,0.43000,0.63000,0.55000,0.370,0.500,90S/L,0.00330,20.000,44.000,12.400,49.000,1150.000,0.65000,0.63000,WEG-WMO-W21-aluminium-multimounting-50096575-english-web.md,16,,
WEG_IE1_0p6kW_6P_220V_146,220,550.000,60,6,3.17000,4.64835,0.67000,0.68000,IE1,Normal torque (IEC design N),WEG,WEG_IE1_60HZ,5.00000,2.50000,2.50000,0.60500,0.47000,0.65000,0.59000,0.550,0.750,90S/L,0.00330,16.000,35.000,12.400,49.000,1130.000,0.67000,0.68000,WEG-WMO-W21-aluminium-multimounting-50096575-english-web.md,16,,
WEG_IE1_5p5kW_6P_220V_147,220,5500.000,60,6,20.70000,44.91446,0.85000,0.82000,IE1,Normal torque (IEC design N),WEG,WEG_IE1_60HZ,5.60000,1.80000,2.40000,0.84500,0.63000,0.85000,0.75000,5.500,7.500,160M/L,0.09800,13.000,29.000,100.000,59.000,1170.000,0.85000,0.82000,WEG-WMO-W21-aluminium-multimounting-50096575-english-web.md,16,,
WEG_IE1_7p5kW_6P_220V_148,220,7500.000,60,6,27.60000,61.19350,0.86000,0.83000,IE1,Normal torque (IEC design N),WEG,WEG_IE1_60HZ,5.60000,1.80000,2.30000,0.85500,0.67000,0.86000,0.78000,7.500,10.000,160M/L,0.11910,10.000,22.000,115.000,59.000,1170.000,0.86000,0.83000,WEG-WMO-W21-aluminium-multimounting-50096575-english-web.md,16,,
WEG_IE1_15p0kW_6P_220V_149,220,15000.000,60,6,49.90000,122.58312,0.89600,0.88000,IE1,Normal torque (IEC design N),WEG,WEG_IE1_60HZ,8.30000,2.50000,3.00000,0.88500,0.75000,0.89200,0.84000,15.000,20.000,180M/L,0.25700,8.000,18.000,148.000,59.000,1170.000,0.89600,0.88000,WEG-WMO-W21-aluminium-multimounting-50096575-english-web.md,16,,
WEG_IE1_18p5kW_6P_220V_150,220,18500.000,60,6,64.00000,150.04174,0.90300,0.84000,IE1,Normal torque (IEC design N),WEG,WEG_IE1_60HZ,6.10000,2.00000,2.30000,0.88500,0.72000,0.90000,0.80000,18.500,25.000,200M/L,0.36920,20.000,44.000,205.000,62.000,1175.000,0.90300,0.84000,WEG-WMO-W21-aluminium-multimounting-50096575-english-web.md,16,,
WEG_IE1_0p4kW_8P_220V_151,220,370.000,60,8,2.33000,4.23647,0.65000,0.64000,IE1,Normal torque (IEC design N),WEG,WEG_IE1_60HZ,3.30000,1.70000,2.00000,0.56000,0.42000,0.62000,0.54000,0.370,0.500,90S/L,0.00330,29.000,64.000,12.400,47.000,835.000,0.65000,0.64000,WEG-WMO-W21-aluminium-multimounting-50096575-english-web.md,17,,
WEG_IE1_0p6kW_8P_220V_152,220,550.000,60,8,3.31000,6.36452,0.65000,0.67000,IE1,Normal torque (IEC design N),WEG,WEG_IE1_60HZ,3.40000,1.70000,1.90000,0.58000,0.45000,0.63000,0.56000,0.550,0.750,90S/L,0.00440,19.000,42.000,14.300,47.000,825.000,0.65000,0.67000,WEG-WMO-W21-aluminium-multimounting-50096575-english-web.md,17,,
WEG_IE1_0p8kW_8P_220V_153,220,750.000,60,8,4.26000,8.73773,0.68000,0.68000,IE1,Normal torque (IEC design N),WEG,WEG_IE1_60HZ,3.60000,1.70000,1.90000,0.67000,0.45000,0.68000,0.60000,0.750,1.000,90S/L,0.00630,21.000,46.000,17.800,47.000,820.000,0.68000,0.68000,WEG-WMO-W21-aluminium-multimounting-50096575-english-web.md,17,,
WEG_IE1_3p7kW_8P_220V_154,220,3700.000,60,8,17.30000,40.20726,0.80000,0.70000,IE1,Normal torque (IEC design N),WEG,WEG_IE1_60HZ,5.70000,2.20000,3.10000,0.76000,0.50000,0.80000,0.61000,3.700,5.000,160M/L,0.11910,10.000,22.000,115.000,54.000,880.000,0.80000,0.70000,WEG-WMO-W21-aluminium-multimounting-50096575-english-web.md,17,,
WEG_IE1_4p5kW_8P_220V_155,220,4500.000,60,8,20.80000,48.83712,0.80000,0.71000,IE1,Normal torque (IEC design N),WEG,WEG_IE1_60HZ,5.70000,2.10000,3.10000,0.77000,0.50000,0.80000,0.62000,4.500,6.000,160M/L,0.11910,10.000,22.000,115.000,54.000,880.000,0.80000,0.71000,WEG-WMO-W21-aluminium-multimounting-50096575-english-web.md,17,,
WEG_IE1_5p5kW_8P_220V_156,220,5500.000,60,8,24.20000,59.72250,0.84000,0.71000,IE1,Normal torque (IEC design N),WEG,WEG_IE1_60HZ,6.00000,2.30000,3.30000,0.79000,0.50000,0.82500,0.63000,5.500,7.500,160M/L,0.14010,10.000,22.000,130.000,54.000,880.000,0.84000,0.71000,WEG-WMO-W21-aluminium-multimounting-50096575-english-web.md,17,,
WEG_IE1_7p5kW_8P_220V_157,220,7500.000,60,8,31.30000,81.39520,0.85000,0.74000,IE1,Normal torque (IEC design N),WEG,WEG_IE1_60HZ,5.80000,2.20000,2.90000,0.81500,0.54000,0.83500,0.66000,7.500,10.000,160M/L,0.16110,10.000,22.000,140.000,54.000,880.000,0.85000,0.74000,WEG-WMO-W21-aluminium-multimounting-50096575-english-web.md,17,,
WEG_IE1_9p2kW_8P_220V_158,220,9200.000,60,8,33.10000,100.02783,0.89000,0.82000,IE1,Normal torque (IEC design N),WEG,WEG_IE1_60HZ,7.60000,2.40000,2.70000,0.89000,0.65000,0.89600,0.75000,9.200,12.500,180M/L,0.23000,10.000,22.000,143.000,54.000,875.000,0.89000,0.82000,WEG-WMO-W21-aluminium-multimounting-50096575-english-web.md,17,,
WEG_IE1_11p0kW_8P_220V_159,220,11000.000,60,8,39.10000,119.64113,0.89000,0.83000,IE1,Normal torque (IEC design N),WEG,WEG_IE1_60HZ,7.90000,2.40000,2.70000,0.88700,0.65000,0.89500,0.76000,11.000,15.000,180M/L,0.25850,8.000,18.000,148.000,54.000,875.000,0.89000,0.83000,WEG-WMO-W21-aluminium-multimounting-50096575-english-web.md,17,,
WEG_IE1_15p0kW_8P_220V_160,220,15000.000,60,8,52.90000,164.75172,0.89700,0.83000,IE1,Normal torque (IEC design N),WEG,WEG_IE1_60HZ,7.60000,2.40000,2.70000,0.89400,0.69000,0.90000,0.79000,15.000,20.000,180M/L,0.28000,7.000,15.000,153.000,54.000,870.000,0.89700,0.83000,WEG-WMO-W21-aluminium-multimounting-50096575-english-web.md,17,,
WEG_IE1_18p5kW_8P_220V_161,220,18500.000,60,8,73.20000,201.03632,0.89600,0.74000,IE1,Normal torque (IEC design N),WEG,WEG_IE1_60HZ,4.80000,2.00000,2.00000,0.89500,0.56000,0.90200,0.68000,18.500,25.000,200M/L,0.40440,21.000,46.000,216.000,56.000,880.000,0.89600,0.74000,WEG-WMO-W21-aluminium-multimounting-50096575-english-web.md,17,,
WEG_IE1_0p2kW_8P_220V_162,220,250.000,60,8,1.85000,2.80470,0.60000,0.59000,IE1,Normal torque (IEC design N),WEG,WEG_IE1_60HZ,3.50000,1.90000,2.20000,0.52000,0.40000,0.58000,0.50000,0.250,0.330,90S/L,0.00380,35.000,77.000,13.400,47.000,850.000,0.60000,0.59000,WEG-WMO-W21-aluminium-multimounting-50096575-english-web.md,17,,
WEG_IE1_11p0kW_8P_220V_163,220,11000.000,60,8,43.50000,118.66046,0.88500,0.75000,IE1,Normal torque (IEC design N),WEG,WEG_IE1_60HZ,5.00000,2.00000,2.20000,0.88100,0.57000,0.88500,0.69000,11.000,15.000,200M/L,0.35170,26.000,57.000,198.000,56.000,885.000,0.88500,0.75000,WEG-WMO-W21-aluminium-multimounting-50096575-english-web.md,17,,
WEG_IE1_15p0kW_8P_220V_164,220,15000.000,60,8,61.70000,161.80972,0.88600,0.72000,IE1,Normal torque (IEC design N),WEG,WEG_IE1_60HZ,5.00000,2.10000,2.20000,0.85400,0.53000,0.87500,0.64000,15.000,20.000,200M/L,0.35170,26.000,57.000,198.000,56.000,885.000,0.88600,0.72000,WEG-WMO-W21-aluminium-multimounting-50096575-english-web.md,17,,
WEG_IE1_2p2kW_2P_220V_165,220,2200.000,60,2,8.04000,6.06051,0.85500,0.84000,IE1,Normal torque (IEC design N),WEG,WEG_IE1_60HZ,7.50000,2.20000,3.60000,0.84000,0.66000,0.85000,0.78000,2.200,3.000,90S/L,0.00200,6.000,13.000,18.500,68.000,3465.000,0.85500,0.84000,WEG-WMO-W21-aluminium-multimounting-50096575-english-web.md,17,,
WEG_IE1_15p0kW_2P_220V_166,220,15000.000,60,2,50.20000,40.50146,0.90200,0.87000,IE1,Normal torque (IEC design N),WEG,WEG_IE1_60HZ,8.30000,2.90000,3.30000,0.88200,0.75000,0.89500,0.83000,15.000,20.000,160M/L,0.05090,10.000,22.000,119.000,75.000,3540.000,0.90200,0.87000,WEG-WMO-W21-aluminium-multimounting-50096575-english-web.md,17,,
WEG_IE1_18p5kW_2P_220V_167,220,18500.000,60,2,62.00000,50.01391,0.91000,0.86000,IE1,Normal torque (IEC design N),WEG,WEG_IE1_60HZ,8.80000,3.10000,3.40000,0.88500,0.73000,0.90200,0.82000,18.500,25.000,160M/L,0.05650,12.000,26.000,119.000,75.000,3535.000,0.91000,0.86000,WEG-WMO-W21-aluminium-multimounting-50096575-english-web.md,17,,
WEG_IE1_22p0kW_2P_220V_168,220,22000.000,60,2,74.60000,59.33023,0.91000,0.85000,IE1,Normal torque (IEC design N),WEG,WEG_IE1_60HZ,9.10000,3.30000,3.60000,0.89200,0.71000,0.90500,0.81000,22.000,30.000,160M/L,0.06160,10.000,22.000,135.000,72.000,3540.000,0.91000,0.85000,WEG-WMO-W21-aluminium-multimounting-50096575-english-web.md,17,,
WEG_IE1_30p0kW_2P_220V_169,220,30000.000,60,2,100.00000,80.51260,0.91700,0.85000,IE1,Normal torque (IEC design N),WEG,WEG_IE1_60HZ,6.90000,2.30000,2.50000,0.89500,0.73000,0.91000,0.82000,30.000,40.000,200M/L,0.18840,20.000,44.000,232.000,79.000,3560.000,0.91700,0.85000,WEG-WMO-W21-aluminium-multimounting-50096575-english-web.md,17,,
WEG_IE1_37p0kW_2P_220V_170,220,37000.000,60,2,121.00000,99.04716,0.92400,0.87000,IE1,Normal torque (IEC design N),WEG,WEG_IE1_60HZ,6.30000,2.10000,2.30000,0.91500,0.79000,0.92000,0.85000,37.000,50.000,200M/L,0.22420,23.000,51.000,255.000,79.000,3555.000,0.92400,0.87000,WEG-WMO-W21-aluminium-multimounting-50096575-english-web.md,17,,
WEG_IE2_1p1kW_2P_220V_171,220,1100.000,60,2,4.14000,3.04987,0.83000,0.84000,IE2,Normal torque (IEC design N),WEG,WEG_IE2_60HZ,7.00000,2.50000,3.00000,0.78500,0.68000,0.81000,0.79000,1.100,1.500,90S/L,0.00160,16.000,35.000,18.000,68.000,3450.000,0.83000,0.84000,WEG-WMO-W21-aluminium-multimounting-50096575-english-web.md,18,,
WEG_IE2_1p5kW_2P_220V_172,220,1500.000,60,2,5.52000,4.11879,0.84000,0.85000,IE2,Normal torque (IEC design N),WEG,WEG_IE2_60HZ,7.30000,2.50000,3.00000,0.83500,0.70000,0.84000,0.80000,1.500,2.000,90S/L,0.00180,11.000,24.000,17.500,68.000,3475.000,0.84000,0.85000,WEG-WMO-W21-aluminium-multimounting-50096575-english-web.md,18,,
WEG_IE2_1p5kW_4P_220V_173,220,1500.000,60,4,6.00000,8.18855,0.84000,0.78000,IE2,Normal torque (IEC design N),WEG,WEG_IE2_60HZ,6.50000,1.90000,2.70000,0.80000,0.57000,0.82200,0.70000,1.500,2.000,90S/L,0.00490,8.000,18.000,18.500,51.000,1750.000,0.84000,0.78000,WEG-WMO-W21-aluminium-multimounting-50096575-english-web.md,18,,
WEG_IE2_15p0kW_4P_220V_174,220,15000.000,60,4,54.10000,81.19906,0.91000,0.80000,IE2,Normal torque (IEC design N),WEG,WEG_IE2_60HZ,7.40000,2.80000,3.00000,0.88800,0.61000,0.90200,0.74000,15.000,20.000,160M/L,0.10710,9.000,20.000,120.000,66.000,1765.000,0.91000,0.80000,WEG-WMO-W21-aluminium-multimounting-50096575-english-web.md,18,,
WEG_IE2_22p0kW_4P_220V_175,220,22000.000,60,4,75.20000,117.67980,0.92400,0.83000,IE2,Normal torque (IEC design N),WEG,WEG_IE2_60HZ,7.90000,2.80000,3.10000,0.91000,0.67000,0.92000,0.78000,22.000,30.000,180M/L,0.19140,10.000,22.000,185.000,68.000,1780.000,0.92400,0.83000,WEG-WMO-W21-aluminium-multimounting-50096575-english-web.md,18,,
WEG_IE2_30p0kW_4P_220V_176,220,30000.000,60,4,99.50000,161.80972,0.93100,0.85000,IE2,Normal torque (IEC design N),WEG,WEG_IE2_60HZ,6.40000,2.10000,2.20000,0.92700,0.74000,0.93100,0.82000,30.000,40.000,200M/L,0.26680,20.000,44.000,218.000,71.000,1770.000,0.93100,0.85000,WEG-WMO-W21-aluminium-multimounting-50096575-english-web.md,18,,
WEG_IE2_37p0kW_4P_220V_177,220,37000.000,60,4,123.00000,200.05566,0.93200,0.85000,IE2,Normal torque (IEC design N),WEG,WEG_IE2_60HZ,6.00000,2.20000,2.20000,0.93000,0.75000,0.93200,0.82000,37.000,50.000,200M/L,0.34690,19.000,42.000,274.000,71.000,1770.000,0.93200,0.85000,WEG-WMO-W21-aluminium-multimounting-50096575-english-web.md,18,,
WEG_IE2_0p8kW_4P_220V_178,220,750.000,60,4,3.14000,4.06976,0.82600,0.76000,IE2,Normal torque (IEC design N),WEG,WEG_IE2_60HZ,7.20000,2.30000,3.00000,0.76000,0.56000,0.78500,0.69000,0.750,1.000,90S/L,0.00380,17.000,37.000,16.000,51.000,1760.000,0.82600,0.76000,WEG-WMO-W21-aluminium-multimounting-50096575-english-web.md,18,,
WEG_IE2_1p1kW_4P_220V_179,220,1100.000,60,4,4.40000,5.98206,0.84000,0.78000,IE2,Normal torque (IEC design N),WEG,WEG_IE2_60HZ,7.60000,2.00000,3.00000,0.81000,0.56000,0.83500,0.70000,1.100,1.500,90S/L,0.00490,10.000,22.000,18.500,51.000,1755.000,0.84000,0.78000,WEG-WMO-W21-aluminium-multimounting-50096575-english-web.md,18,,
WEG_IE2_18p5kW_4P_220V_180,220,18500.000,60,4,64.00000,99.04716,0.92400,0.82000,IE2,Normal torque (IEC design N),WEG,WEG_IE2_60HZ,8.40000,3.00000,3.50000,0.90500,0.63000,0.91500,0.75000,18.500,25.000,180M/L,0.13980,10.000,22.000,152.000,68.000,1780.000,0.92400,0.82000,WEG-WMO-W21-aluminium-multimounting-50096575-english-web.md,18,,
WEG_IE2_0p8kW_6P_220V_181,220,750.000,60,6,3.85000,6.28606,0.73000,0.70000,IE2,Normal torque (IEC design N),WEG,WEG_IE2_60HZ,5.70000,1.80000,2.50000,0.72000,0.48000,0.73000,0.60000,0.750,1.000,90S/L,0.00560,15.000,33.000,21.000,49.000,1140.000,0.73000,0.70000,WEG-WMO-W21-aluminium-multimounting-50096575-english-web.md,18,,
WEG_IE2_7p5kW_6P_220V_182,220,7500.000,60,6,28.20000,60.99736,0.89500,0.78000,IE2,Normal torque (IEC design N),WEG,WEG_IE2_60HZ,6.80000,2.60000,3.00000,0.88500,0.58000,0.89000,0.71000,7.500,10.000,160M/L,0.15410,16.000,35.000,120.000,55.000,1175.000,0.89500,0.78000,WEG-WMO-W21-aluminium-multimounting-50096575-english-web.md,18,,
WEG_IE2_11p0kW_6P_220V_183,220,11000.000,60,6,40.50000,89.82891,0.90200,0.79000,IE2,Normal torque (IEC design N),WEG,WEG_IE2_60HZ,6.70000,2.50000,2.90000,0.89000,0.60000,0.89500,0.72000,11.000,15.000,160M/L,0.16110,11.000,24.000,130.000,59.000,1170.000,0.90200,0.79000,WEG-WMO-W21-aluminium-multimounting-50096575-english-web.md,18,,
WEG_IE2_15p0kW_6P_220V_184,220,15000.000,60,6,55.20000,122.58312,0.90200,0.79000,IE2,Normal torque (IEC design N),WEG,WEG_IE2_60HZ,6.60000,2.60000,2.80000,0.89500,0.60000,0.90000,0.72000,15.000,20.000,160M/L,0.18210,8.000,18.000,139.000,59.000,1170.000,0.90200,0.79000,WEG-WMO-W21-aluminium-multimounting-50096575-english-web.md,18,,
WEG_IE2_18p5kW_6P_220V_185,220,18500.000,60,6,59.80000,150.04174,0.92200,0.88000,IE2,Normal torque (IEC design N),WEG,WEG_IE2_60HZ,8.80000,2.60000,3.20000,0.92200,0.74000,0.92500,0.83000,18.500,25.000,180M/L,0.30340,8.000,18.000,180.000,59.000,1175.000,0.92200,0.88000,WEG-WMO-W21-aluminium-multimounting-50096575-english-web.md,18,,
WEG_IE2_22p0kW_6P_220V_186,220,22000.000,60,6,76.10000,178.48103,0.92500,0.82000,IE2,Normal torque (IEC design N),WEG,WEG_IE2_60HZ,6.00000,2.10000,2.20000,0.92000,0.70000,0.92500,0.78000,22.000,30.000,200M/L,0.40370,20.000,44.000,232.000,62.000,1175.000,0.92500,0.82000,WEG-WMO-W21-aluminium-multimounting-50096575-english-web.md,18,,
WEG_IE2_30p0kW_6P_220V_187,220,30000.000,60,6,103.00000,244.18558,0.93400,0.82000,IE2,Normal torque (IEC design N),WEG,WEG_IE2_60HZ,6.00000,2.20000,2.20000,0.92500,0.65000,0.93300,0.76000,30.000,40.000,200M/L,0.43880,15.000,33.000,244.000,62.000,1175.000,0.93400,0.82000,WEG-WMO-W21-aluminium-multimounting-50096575-english-web.md,18,,
WEG_IE2_0p6kW_6P_220V_188,220,550.000,60,6,3.08000,4.62874,0.72100,0.65000,IE2,Normal torque (IEC design N),WEG,WEG_IE2_60HZ,5.00000,2.20000,2.60000,0.64000,0.43000,0.69200,0.55000,0.550,0.750,90S/L,0.00340,17.000,37.000,16.000,50.000,1135.000,0.72100,0.65000,WEG-WMO-W21-aluminium-multimounting-50096575-english-web.md,19,,
WEG_IE2_18p5kW_6P_220V_189,220,18500.000,60,6,64.20000,150.04174,0.92200,0.82000,IE2,Normal torque (IEC design N),WEG,WEG_IE2_60HZ,6.10000,2.10000,2.30000,0.91000,0.67000,0.91800,0.78000,18.500,25.000,200M/L,0.36920,22.000,48.000,222.000,62.000,1175.000,0.92200,0.82000,WEG-WMO-W21-aluminium-multimounting-50096575-english-web.md,19,,
WEG_IE2_0p4kW_8P_220V_190,220,370.000,60,8,2.45000,4.10899,0.65000,0.61000,IE2,Normal torque (IEC design N),WEG,WEG_IE2_60HZ,3.80000,1.70000,2.00000,0.57000,0.40000,0.61500,0.50000,0.370,0.500,90S/L,0.00510,31.000,68.000,19.000,47.000,860.000,0.65000,0.61000,WEG-WMO-W21-aluminium-multimounting-50096575-english-web.md,19,,
WEG_IE2_0p6kW_8P_220V_191,220,550.000,60,8,3.36000,6.40374,0.66000,0.65000,IE2,Normal torque (IEC design N),WEG,WEG_IE2_60HZ,3.60000,1.70000,2.00000,0.59000,0.44000,0.64000,0.55000,0.550,0.750,90S/L,0.00560,25.000,55.000,22.000,47.000,820.000,0.66000,0.65000,WEG-WMO-W21-aluminium-multimounting-50096575-english-web.md,19,,
WEG_IE2_0p8kW_8P_220V_192,220,750.000,60,8,4.46000,8.53179,0.70000,0.63000,IE2,Normal torque (IEC design N),WEG,WEG_IE2_60HZ,4.00000,1.80000,2.10000,0.67000,0.40000,0.68500,0.54000,0.750,1.000,90S/L,0.00670,23.000,51.000,23.000,47.000,840.000,0.70000,0.63000,WEG-WMO-W21-aluminium-multimounting-50096575-english-web.md,19,,
WEG_IE2_3p7kW_8P_220V_193,220,3700.000,60,8,16.50000,39.91307,0.85500,0.69000,IE2,Normal torque (IEC design N),WEG,WEG_IE2_60HZ,6.00000,2.20000,3.30000,0.80500,0.49000,0.83500,0.60000,3.700,5.000,160M/L,0.11910,18.000,40.000,110.000,54.000,885.000,0.85500,0.69000,WEG-WMO-W21-aluminium-multimounting-50096575-english-web.md,19,,
WEG_IE2_4p5kW_8P_220V_194,220,4500.000,60,8,20.00000,48.54292,0.85500,0.69000,IE2,Normal torque (IEC design N),WEG,WEG_IE2_60HZ,6.20000,2.40000,3.40000,0.81500,0.48000,0.84500,0.60000,4.500,6.000,160M/L,0.11910,18.000,40.000,110.000,54.000,885.000,0.85500,0.69000,WEG-WMO-W21-aluminium-multimounting-50096575-english-web.md,19,,
WEG_IE2_5p5kW_8P_220V_195,220,5500.000,60,8,24.10000,59.72250,0.85500,0.70000,IE2,Normal torque (IEC design N),WEG,WEG_IE2_60HZ,6.00000,2.30000,3.20000,0.82000,0.49000,0.84500,0.62000,5.500,7.500,160M/L,0.14010,12.000,26.000,120.000,54.000,880.000,0.85500,0.70000,WEG-WMO-W21-aluminium-multimounting-50096575-english-web.md,19,,
WEG_IE2_7p5kW_8P_220V_196,220,7500.000,60,8,31.30000,81.39520,0.88500,0.71000,IE2,Normal torque (IEC design N),WEG,WEG_IE2_60HZ,6.00000,2.50000,3.20000,0.85500,0.51000,0.87000,0.63000,7.500,10.000,160M/L,0.17550,20.000,44.000,135.000,54.000,880.000,0.88500,0.71000,WEG-WMO-W21-aluminium-multimounting-50096575-english-web.md,19,,
WEG_IE2_9p2kW_8P_220V_197,220,9200.000,60,8,34.60000,100.02783,0.89400,0.78000,IE2,Normal torque (IEC design N),WEG,WEG_IE2_60HZ,7.20000,2.30000,2.90000,0.89000,0.62000,0.89400,0.74000,9.200,12.500,180M/L,0.24820,15.000,33.000,156.000,54.000,875.000,0.89400,0.78000,WEG-WMO-W21-aluminium-multimounting-50096575-english-web.md,19,,
WEG_IE2_11p0kW_8P_220V_198,220,11000.000,60,8,41.40000,119.64113,0.89400,0.78000,IE2,Normal torque (IEC design N),WEG,WEG_IE2_60HZ,8.00000,2.50000,3.00000,0.89000,0.57000,0.89400,0.70000,11.000,15.000,180M/L,0.26890,12.000,26.000,170.000,54.000,875.000,0.89400,0.78000,WEG-WMO-W21-aluminium-multimounting-50096575-english-web.md,19,,
WEG_IE2_15p0kW_8P_220V_199,220,15000.000,60,8,54.60000,163.77105,0.90100,0.80000,IE2,Normal torque (IEC design N),WEG,WEG_IE2_60HZ,7.50000,2.30000,2.90000,0.89900,0.61000,0.90100,0.73000,15.000,20.000,180M/L,0.30340,9.000,20.000,177.000,54.000,875.000,0.90100,0.80000,WEG-WMO-W21-aluminium-multimounting-50096575-english-web.md,19,,
WEG_IE2_18p5kW_8P_220V_200,220,18500.000,60,8,71.80000,202.01699,0.90100,0.75000,IE2,Normal torque (IEC design N),WEG,WEG_IE2_60HZ,4.60000,1.80000,1.80000,0.89900,0.58000,0.90100,0.70000,18.500,25.000,200M/L,0.40440,36.000,79.000,225.000,56.000,875.000,0.90100,0.75000,WEG-WMO-W21-aluminium-multimounting-50096575-english-web.md,19,,
WEG_IE2_15p0kW_8P_220V_201,220,15000.000,60,8,59.00000,162.79039,0.90100,0.74000,IE2,Normal torque (IEC design N),WEG,WEG_IE2_60HZ,4.80000,2.00000,2.10000,0.89800,0.59000,0.90100,0.69000,15.000,20.000,200M/L,0.36990,30.000,66.000,215.000,56.000,880.000,0.90100,0.74000,WEG-WMO-W21-aluminium-multimounting-50096575-english-web.md,19,,
WEG_IE3_2p2kW_2P_220V_202,220,2200.000,60,2,7.86000,6.06051,0.86500,0.85000,IE3,Normal torque (IEC design N),WEG,WEG_IE3_60HZ,7.80000,3.40000,3.10000,0.86000,0.69000,0.86500,0.80000,2.200,3.000,90S/L,0.00230,14.000,31.000,22.000,68.000,3470.000,0.86500,0.85000,WEG-WMO-W21-aluminium-multimounting-50096575-english-web.md,20,,
WEG_IE3_15p0kW_2P_220V_203,220,15000.000,60,2,50.30000,40.40340,0.91000,0.86000,IE3,Normal torque (IEC design N),WEG,WEG_IE3_60HZ,9.10000,3.20000,3.70000,0.88200,0.72000,0.90000,0.81000,15.000,20.000,160M/L,0.05090,10.000,22.000,119.000,75.000,3550.000,0.91000,0.86000,WEG-WMO-W21-aluminium-multimounting-50096575-english-web.md,20,,
WEG_IE3_18p5kW_2P_220V_204,220,18500.000,60,2,61.60000,49.81778,0.91700,0.86000,IE3,Normal torque (IEC design N),WEG,WEG_IE3_60HZ,9.40000,3.30000,3.60000,0.88200,0.73000,0.90000,0.82000,18.500,25.000,160M/L,0.05650,7.000,15.000,119.000,75.000,3545.000,0.91700,0.86000,WEG-WMO-W21-aluminium-multimounting-50096575-english-web.md,20,,
WEG_IE3_22p0kW_2P_220V_205,220,22000.000,60,2,74.10000,59.33023,0.91700,0.85000,IE3,Normal torque (IEC design N),WEG,WEG_IE3_60HZ,9.10000,3.30000,3.60000,0.89200,0.71000,0.90800,0.81000,22.000,30.000,160M/L,0.06160,10.000,22.000,135.000,72.000,3540.000,0.91700,0.85000,WEG-WMO-W21-aluminium-multimounting-50096575-english-web.md,20,,
WEG_IE3_30p0kW_2P_220V_206,220,30000.000,60,2,100.00000,80.51260,0.92400,0.85000,IE3,Normal torque (IEC design N),WEG,WEG_IE3_60HZ,6.70000,2.30000,2.50000,0.91000,0.73000,0.92400,0.82000,30.000,40.000,200M/L,0.18840,22.000,48.000,232.000,79.000,3560.000,0.92400,0.85000,WEG-WMO-W21-aluminium-multimounting-50096575-english-web.md,20,,
WEG_IE3_37p0kW_2P_220V_207,220,37000.000,60,2,120.00000,99.04716,0.93000,0.87000,IE3,Normal torque (IEC design N),WEG,WEG_IE3_60HZ,6.70000,2.40000,2.60000,0.91800,0.79000,0.93000,0.85000,37.000,50.000,200M/L,0.22420,25.000,55.000,255.000,79.000,3560.000,0.93000,0.87000,WEG-WMO-W21-aluminium-multimounting-50096575-english-web.md,20,,
WEG_IE3_1p1kW_2P_220V_208,220,1100.000,60,2,3.98000,3.03025,0.84500,0.86000,IE3,Normal torque (IEC design N),WEG,WEG_IE3_60HZ,7.80000,2.90000,3.00000,0.83000,0.72000,0.84500,0.82000,1.100,1.500,90S/L,0.00180,26.000,57.000,18.000,68.000,3470.000,0.84500,0.86000,WEG-WMO-W21-aluminium-multimounting-50096575-english-web.md,20,,
WEG_IE3_1p5kW_2P_220V_209,220,1500.000,60,2,5.42000,4.08937,0.85500,0.85000,IE3,Normal torque (IEC design N),WEG,WEG_IE3_60HZ,8.00000,2.30000,3.00000,0.80700,0.70000,0.83500,0.80000,1.500,2.000,90S/L,0.00200,10.000,22.000,19.000,68.000,3500.000,0.85500,0.85000,WEG-WMO-W21-aluminium-multimounting-50096575-english-web.md,20,,
WEG_IE3_22p0kW_2P_220V_210,220,22000.000,60,2,73.20000,59.13410,0.91700,0.86000,IE3,Normal torque (IEC design N),WEG,WEG_IE3_60HZ,9.00000,2.50000,2.90000,0.91000,0.73000,0.91500,0.82000,22.000,30.000,180M/L,0.09650,10.000,22.000,161.000,75.000,3555.000,0.91700,0.86000,WEG-WMO-W21-aluminium-multimounting-50096575-english-web.md,20,,
WEG_IE3_0p8kW_4P_220V_211,220,750.000,60,4,3.22000,4.05995,0.83500,0.73000,IE3,Normal torque (IEC design N),WEG,WEG_IE3_60HZ,7.60000,2.00000,2.90000,0.77000,0.51000,0.81000,0.64000,0.750,1.000,90S/L,0.00490,15.000,33.000,18.500,51.000,1765.000,0.83500,0.73000,WEG-WMO-W21-aluminium-multimounting-50096575-english-web.md,20,,
WEG_IE3_1p1kW_4P_220V_212,220,1100.000,60,4,4.40000,5.98206,0.86500,0.76000,IE3,Normal torque (IEC design N),WEG,WEG_IE3_60HZ,8.10000,2.80000,3.40000,0.83200,0.55000,0.85500,0.68000,1.100,1.500,90S/L,0.00600,12.000,26.000,22.000,51.000,1755.000,0.86500,0.76000,WEG-WMO-W21-aluminium-multimounting-50096575-english-web.md,20,,
WEG_IE3_1p5kW_4P_220V_213,220,1500.000,60,4,5.92000,8.18855,0.86500,0.77000,IE3,Normal torque (IEC design N),WEG,WEG_IE3_60HZ,7.50000,2.80000,3.30000,0.84000,0.57000,0.86000,0.69000,1.500,2.000,90S/L,0.00660,15.000,33.000,23.000,51.000,1750.000,0.86500,0.77000,WEG-WMO-W21-aluminium-multimounting-50096575-english-web.md,20,,
WEG_IE3_11p0kW_4P_220V_214,220,11000.000,60,4,38.20000,59.33023,0.92400,0.82000,IE3,Normal torque (IEC design N),WEG,WEG_IE3_60HZ,7.50000,2.80000,3.00000,0.90000,0.65000,0.91000,0.76000,11.000,15.000,160M/L,0.10710,18.000,40.000,130.000,69.000,1770.000,0.92400,0.82000,WEG-WMO-W21-aluminium-multimounting-50096575-english-web.md,20,,
WEG_IE3_15p0kW_4P_220V_215,220,15000.000,60,4,51.60000,81.19906,0.93000,0.82000,IE3,Normal torque (IEC design N),WEG,WEG_IE3_60HZ,7.50000,2.80000,3.00000,0.90200,0.64000,0.91400,0.76000,15.000,20.000,160M/L,0.12630,12.000,26.000,143.000,69.000,1765.000,0.93000,0.82000,WEG-WMO-W21-aluminium-multimounting-50096575-english-web.md,20,,
WEG_IE3_18p5kW_4P_220V_216,220,18500.000,60,4,63.20000,99.04716,0.93600,0.82000,IE3,Normal torque (IEC design N),WEG,WEG_IE3_60HZ,8.40000,3.00000,3.40000,0.92000,0.66000,0.93000,0.77000,18.500,25.000,180M/L,0.20880,12.000,26.000,188.000,68.000,1780.000,0.93600,0.82000,WEG-WMO-W21-aluminium-multimounting-50096575-english-web.md,20,,
WEG_IE3_22p0kW_4P_220V_217,220,22000.000,60,4,74.30000,117.67980,0.93600,0.83000,IE3,Normal torque (IEC design N),WEG,WEG_IE3_60HZ,8.50000,3.10000,3.40000,0.92000,0.66000,0.93000,0.77000,22.000,30.000,180M/L,0.23060,18.000,40.000,207.000,68.000,1780.000,0.93600,0.83000,WEG-WMO-W21-aluminium-multimounting-50096575-english-web.md,20,,
WEG_IE3_30p0kW_4P_220V_218,220,30000.000,60,4,99.70000,160.82906,0.94100,0.84000,IE3,Normal torque (IEC design N),WEG,WEG_IE3_60HZ,7.80000,3.10000,3.30000,0.93500,0.70000,0.94100,0.78000,30.000,40.000,200M/L,0.34750,24.000,53.000,264.000,71.000,1780.000,0.94100,0.84000,WEG-WMO-W21-aluminium-multimounting-50096575-english-web.md,20,,
WEG_IE3_0p6kW_6P_220V_219,220,550.000,60,6,2.59000,4.56990,0.81700,0.68000,IE3,Normal torque (IEC design N),WEG,WEG_IE3_60HZ,6.40000,2.50000,3.00000,0.78000,0.47000,0.81500,0.59000,0.550,0.750,90S/L,0.00620,30.000,66.000,19.000,50.000,1150.000,0.81700,0.68000,WEG-WMO-W21-aluminium-multimounting-50096575-english-web.md,21,,
WEG_IE3_0p8kW_6P_220V_220,220,750.000,60,6,3.50000,6.28606,0.82500,0.68000,IE3,Normal torque (IEC design N),WEG,WEG_IE3_60HZ,6.50000,2.60000,3.20000,0.78500,0.48000,0.81500,0.59000,0.750,1.000,90S/L,0.00660,20.000,44.000,23.000,49.000,1140.000,0.82500,0.68000,WEG-WMO-W21-aluminium-multimounting-50096575-english-web.md,21,,
WEG_IE3_7p5kW_6P_220V_221,220,7500.000,60,6,27.50000,60.99736,0.91000,0.79000,IE3,Normal torque (IEC design N),WEG,WEG_IE3_60HZ,7.00000,2.60000,3.10000,0.89500,0.60000,0.90500,0.73000,7.500,10.000,160M/L,0.16140,22.000,48.000,128.000,59.000,1175.000,0.91000,0.79000,WEG-WMO-W21-aluminium-multimounting-50096575-english-web.md,21,,
WEG_IE3_11p0kW_6P_220V_222,220,11000.000,60,6,39.90000,89.43665,0.91700,0.79000,IE3,Normal torque (IEC design N),WEG,WEG_IE3_60HZ,7.60000,3.00000,3.40000,0.89500,0.60000,0.90500,0.73000,11.000,15.000,160M/L,0.18950,12.000,26.000,143.000,59.000,1175.000,0.91700,0.79000,WEG-WMO-W21-aluminium-multimounting-50096575-english-web.md,21,,
WEG_IE3_15p0kW_6P_220V_223,220,15000.000,60,6,51.10000,121.60246,0.91700,0.84000,IE3,Normal torque (IEC design N),WEG,WEG_IE3_60HZ,9.00000,2.80000,3.60000,0.90500,0.68000,0.91000,0.79000,15.000,20.000,180M/L,0.31110,12.000,26.000,184.000,59.000,1180.000,0.91700,0.84000,WEG-WMO-W21-aluminium-multimounting-50096575-english-web.md,21,,
WEG_IE3_18p5kW_6P_220V_224,220,18500.000,60,6,59.90000,150.04174,0.93000,0.87000,IE3,Normal torque (IEC design N),WEG,WEG_IE3_60HZ,9.60000,3.20000,3.50000,0.92500,0.73000,0.93000,0.83000,18.500,25.000,180M/L,0.41930,15.000,33.000,225.000,59.000,1175.000,0.93000,0.87000,WEG-WMO-W21-aluminium-multimounting-50096575-english-web.md,21,,
WEG_IE3_22p0kW_6P_220V_225,220,22000.000,60,6,74.80000,178.48103,0.93000,0.83000,IE3,Normal torque (IEC design N),WEG,WEG_IE3_60HZ,6.50000,2.40000,3.00000,0.92700,0.68000,0.93000,0.79000,22.000,30.000,200M/L,0.49140,31.000,68.000,271.000,62.000,1180.000,0.93000,0.83000,WEG-WMO-W21-aluminium-multimounting-50096575-english-web.md,21,,
WEG_IE3_0p4kW_8P_220V_226,220,370.000,60,8,2.24000,4.20705,0.72000,0.60000,IE3,Normal torque (IEC design N),WEG,WEG_IE3_60HZ,3.40000,1.70000,2.30000,0.58000,0.40000,0.63000,0.51000,0.370,0.500,90S/L,0.00510,40.000,88.000,19.500,47.000,840.000,0.72000,0.60000,WEG-WMO-W21-aluminium-multimounting-50096575-english-web.md,21,,
WEG_IE3_0p6kW_8P_220V_227,220,550.000,60,8,3.20000,6.19780,0.74000,0.61000,IE3,Normal torque (IEC design N),WEG,WEG_IE3_60HZ,3.50000,1.70000,2.00000,0.68000,0.42000,0.72600,0.54000,0.550,0.750,90S/L,0.00660,35.000,77.000,23.000,47.000,847.000,0.74000,0.61000,WEG-WMO-W21-aluminium-multimounting-50096575-english-web.md,21,,
